,epochs,optim,mode,mean dice,unwarped dice,date,loss,time,Eval mean dice,batch size,learning rate,notes,Var eval dice
0,100,"Adam (
Parameter Group 0
    amsgrad: False
    betas: (0.9, 0.999)
    eps: 1e-08
    lr: 0.0002
    weight_decay: 0
)",label loss,,tensor(0.3238),,label loss,02.09.21 17:15,tensor(0.3453),4.0,0.0002,,
1,10,"Adam (
Parameter Group 0
    amsgrad: False
    betas: (0.9, 0.999)
    eps: 1e-08
    lr: 0.002
    weight_decay: 0
)",label loss,,tensor(0.3330),,label loss,03.09.21 08:03,tensor(0.3489),1.0,0.002,,
2,10,"Adam (
Parameter Group 0
    amsgrad: False
    betas: (0.9, 0.999)
    eps: 1e-08
    lr: 0.0002
    weight_decay: 0
)",label loss,,tensor(0.3330),,label loss,03.09.21 08:05,tensor(0.3097),4.0,0.0002,,
3,10,"Adam (
Parameter Group 0
    amsgrad: False
    betas: (0.9, 0.999)
    eps: 1e-08
    lr: 0.002
    weight_decay: 0
)",label loss,,tensor(0.6405),,label loss,03.09.21 08:15,tensor(0.7025),1.0,0.002,,
4,100,"Adam (
Parameter Group 0
    amsgrad: False
    betas: (0.9, 0.999)
    eps: 1e-08
    lr: 0.002
    weight_decay: 0
)",label loss,,tensor(0.6405),,label loss,03.09.21 08:35,tensor(0.7162),1.0,0.002,,
5,100,"Adam (
Parameter Group 0
    amsgrad: False
    betas: (0.9, 0.999)
    eps: 1e-08
    lr: 0.005
    weight_decay: 0
)",label loss,,tensor(0.6405),,label loss,03.09.21 08:54,tensor(0.7147),1.0,0.005,,
6,100,"Adam (
Parameter Group 0
    amsgrad: False
    betas: (0.9, 0.999)
    eps: 1e-08
    lr: 0.05
    weight_decay: 0
)",label loss,,tensor(0.5739),,label loss,03.09.21 09:15,tensor(0.6115),1.0,0.05,,
7,100,"Adam (
Parameter Group 0
    amsgrad: False
    betas: (0.9, 0.999)
    eps: 1e-08
    lr: 0.0001
    weight_decay: 0
)",label loss,,tensor(0.5739),,label loss,03.09.21 10:08,tensor(0.6283),1.0,0.0001,,
8,500,"Adam (
Parameter Group 0
    amsgrad: False
    betas: (0.9, 0.999)
    eps: 1e-08
    lr: 0.0002
    weight_decay: 0
)",label loss,,tensor(0.5739),,label loss,03.09.21 12:10,tensor(0.6501),1.0,0.0002,,
9,100,"Adam (
Parameter Group 0
    amsgrad: False
    betas: (0.9, 0.999)
    eps: 1e-08
    lr: 0.0002
    weight_decay: 0
)",label loss,,tensor(0.3934),,label loss,03.09.21 12:36,tensor(0.4272),1.0,0.0002,,
10,500,"Adam (
Parameter Group 0
    amsgrad: False
    betas: (0.9, 0.999)
    eps: 1e-08
    lr: 0.0002
    weight_decay: 0
)",label loss,,tensor(0.3934),,label loss,03.09.21 14:29,tensor(0.4316),1.0,0.0002,,
11,500,"Adam (
Parameter Group 0
    amsgrad: False
    betas: (0.9, 0.999)
    eps: 1e-08
    lr: 0.0002
    weight_decay: 0
)",label loss,,tensor(0.3934),,Sequentail label loss,03.09.21 16:56,tensor(0.4071),1.0,0.0002,,
12,100,"Adam (
Parameter Group 0
    amsgrad: False
    betas: (0.9, 0.999)
    eps: 1e-08
    lr: 0.0001
    weight_decay: 0
)",label loss,,tensor(0.3934),,label loss + diffloss,08.09.21 10:01,tensor(0.4208),10.0,0.0001,,
13,100,"Adam (
Parameter Group 0
    amsgrad: False
    betas: (0.9, 0.999)
    eps: 1e-08
    lr: 0.001
    weight_decay: 0
)",label loss,,tensor(0.3934),,label loss + diffloss,08.09.21 10:24,tensor(0.4171),10.0,0.001,,
14,100,"Adam (
Parameter Group 0
    amsgrad: False
    betas: (0.9, 0.999)
    eps: 1e-08
    lr: 0.001
    weight_decay: 0
)",label loss,,tensor(0.3475),,label loss + diffloss,08.09.21 14:03,tensor(0.3665),10.0,0.001,,
15,10,"Adam (
Parameter Group 0
    amsgrad: False
    betas: (0.9, 0.999)
    eps: 1e-08
    lr: 0.001
    weight_decay: 0
)",label loss,,tensor(0.2784),,label loss + diffloss,08.09.21 14:21,tensor(0.3439),5.0,0.001,,
16,100,"Adam (
Parameter Group 0
    amsgrad: False
    betas: (0.9, 0.999)
    eps: 1e-08
    lr: 0.0001
    weight_decay: 0
)",label loss,,tensor(0.2784),,label loss + diffloss,08.09.21 14:46,tensor(0.3308),5.0,0.0001,,
17,100,"Adam (
Parameter Group 0
    amsgrad: False
    betas: (0.9, 0.999)
    eps: 1e-08
    lr: 0.0001
    weight_decay: 0
)",label loss,,tensor(0.3275),,label loss + diffloss,08.09.21 15:17,tensor(0.3868),5.0,0.0001,,
18,100,"Adam (
Parameter Group 0
    amsgrad: False
    betas: (0.9, 0.999)
    eps: 1e-08
    lr: 0.0001
    weight_decay: 0
)",label loss,,tensor(0.4487),,label loss + diffloss,08.09.21 15:44,tensor(0.5177),5.0,0.0001,,
19,100,"Adam (
Parameter Group 0
    amsgrad: False
    betas: (0.9, 0.999)
    eps: 1e-08
    lr: 0.0001
    weight_decay: 0
)",label loss,,tensor(0.5279),,label loss + diffloss,08.09.21 15:48,tensor(0.6091),5.0,0.0001,,
20,10,"Adam (
Parameter Group 0
    amsgrad: False
    betas: (0.9, 0.999)
    eps: 1e-08
    lr: 0.002
    weight_decay: 0
)",label loss,,tensor(0.5279),,label loss + diffloss,08.09.21 16:23,tensor(0.6265),4.0,0.002,,
21,100,"Adam (
Parameter Group 0
    amsgrad: False
    betas: (0.9, 0.999)
    eps: 1e-08
    lr: 0.002
    weight_decay: 0
)",label loss,,tensor(0.5134),,label loss + diffloss,08.09.21 17:08,tensor(0.5812),10.0,0.002,,
22,100,"Adam (
Parameter Group 0
    amsgrad: False
    betas: (0.9, 0.999)
    eps: 1e-08
    lr: 0.005
    weight_decay: 0
)",label loss,,tensor(0.5134),,label loss + diffloss,08.09.21 17:35,tensor(0.5909),10.0,0.005,,
23,100,"Adam (
Parameter Group 0
    amsgrad: False
    betas: (0.9, 0.999)
    eps: 1e-08
    lr: 5e-05
    weight_decay: 0
)",label loss,,tensor(0.5134),,label loss + diffloss,09.09.21 11:06,tensor(0.5851),4.0,5e-05,,
24,100,"Adam (
Parameter Group 0
    amsgrad: False
    betas: (0.9, 0.999)
    eps: 1e-08
    lr: 5e-05
    weight_decay: 0
)",label loss,,tensor(0.5134),,label loss + diffloss,09.09.21 11:06,tensor(0.5851),4.0,5e-05,"HW//4, update within loop, leaveout outliers, datadips: 6 frames",
25,20,"Adam (
Parameter Group 0
    amsgrad: False
    betas: (0.9, 0.999)
    eps: 1e-08
    lr: 1e-05
    weight_decay: 0
)",label loss,,tensor(0.5134),,label loss + diffloss,09.09.21 11:19,tensor(0.5749),10.0,1e-05,"HW//4, update within loop, leaveout outliers, datadips: 6 frames",
26,30,"Adam (
Parameter Group 0
    amsgrad: False
    betas: (0.9, 0.999)
    eps: 1e-08
    lr: 1e-05
    weight_decay: 0
)",label loss,,tensor(0.5134),,label loss + diffloss,09.09.21 11:26,tensor(0.5820),10.0,1e-05,"HW//4, update within loop, leaveout outliers, datadips: 6 frames",
27,40,"Adam (
Parameter Group 0
    amsgrad: False
    betas: (0.9, 0.999)
    eps: 1e-08
    lr: 1e-05
    weight_decay: 0
)",label loss,,tensor(0.5134),,label loss + diffloss,09.09.21 11:38,tensor(0.5822),10.0,1e-05,"HW//4, update within loop, leaveout outliers, datadips: 6 frames",
28,40,"Adam (
Parameter Group 0
    amsgrad: False
    betas: (0.9, 0.999)
    eps: 1e-08
    lr: 1e-05
    weight_decay: 0
)",label loss,,tensor(0.5134),,label loss + diffloss,09.09.21 11:53,tensor(0.5795),20.0,1e-05,"HW//4, update within loop, leaveout outliers, datadips: 6 frames",
29,80,"Adam (
Parameter Group 0
    amsgrad: False
    betas: (0.9, 0.999)
    eps: 1e-08
    lr: 0.0001
    weight_decay: 0
)",label loss,,tensor(0.5134),,label loss + diffloss,09.09.21 13:36,tensor(0.5827),20.0,0.0001,"HW//4, update within loop, leaveout outliers, datadips: 6 frames",
30,80,"Adam (
Parameter Group 0
    amsgrad: False
    betas: (0.9, 0.999)
    eps: 1e-08
    lr: 1e-05
    weight_decay: 0
)",label loss,,tensor(0.5134),,label loss + diffloss,09.09.21 13:56,tensor(0.5811),20.0,1e-05,"HW//4, update within loop, leaveout outliers, datadips: 6 frames",
31,80,"Adam (
Parameter Group 0
    amsgrad: False
    betas: (0.9, 0.999)
    eps: 1e-08
    lr: 0.002
    weight_decay: 0
)",label loss,,tensor(0.5134),,label loss + diffloss,09.09.21 14:20,tensor(0.5785),4.0,0.002,"HW//4, update within loop, leaveout outliers, datadips: 6 frames",
32,80,"Adam (
Parameter Group 0
    amsgrad: False
    betas: (0.9, 0.999)
    eps: 1e-08
    lr: 0.002
    weight_decay: 0
)",label loss,,tensor(0.5134),,label loss + diffloss,09.09.21 14:20,tensor(0.5785),4.0,0.002,"HW//4, update within loop, leaveout outliers, datadips: 6 frames; Best run",
33,80,"Adam (
Parameter Group 0
    amsgrad: False
    betas: (0.9, 0.999)
    eps: 1e-08
    lr: 0.002
    weight_decay: 0
)",label loss,,tensor(0.5134),,label loss + diffloss,09.09.21 14:20,tensor(0.5785),4.0,0.002,"HW//4, update within loop, leaveout outliers, datadips: 6 frames; Best run",
34,30,"Adam (
Parameter Group 0
    amsgrad: False
    betas: (0.9, 0.999)
    eps: 1e-08
    lr: 0.002
    weight_decay: 0
)",label loss,,tensor(0.5134),,label loss + diffloss,09.09.21 14:34,tensor(0.5930),30.0,0.002,"HW//4, update within loop, leaveout outliers, datadips: 6 frames",
35,50,"Adam (
Parameter Group 0
    amsgrad: False
    betas: (0.9, 0.999)
    eps: 1e-08
    lr: 2e-05
    weight_decay: 0
)",Knowledge Compression,,tensor(0.4921),,"tensor(-0.4677, device='cuda:0', grad_fn=<AddBackward0>)",09.09.21 14:48,tensor(0.5339),20.0,2e-05,"step in loop,rescale for teacher, No times 2 for teacher in segmentation",
36,50,"Adam (
Parameter Group 0
    amsgrad: False
    betas: (0.9, 0.999)
    eps: 1e-08
    lr: 1e-05
    weight_decay: 0
)",Knowledge Compression,,tensor(0.4921),,"tensor(-0.4823, device='cuda:0', grad_fn=<AddBackward0>)",09.09.21 15:40,tensor(0.5255),4.0,1e-05,"step in loop,rescale for teacher, No times 2 for teacher in segmentation",
37,20,"Adam (
Parameter Group 0
    amsgrad: False
    betas: (0.9, 0.999)
    eps: 1e-08
    lr: 0.0001
    weight_decay: 0
)",Knowledge Compression,,tensor(0.4921),,"tensor(-0.3857, device='cuda:0', grad_fn=<AddBackward0>)",09.09.21 16:02,tensor(0.5308),20.0,0.0001,"step in loop,rescale for teacher, No times 2 for teacher in segmentation",
38,50,"Adam (
Parameter Group 0
    amsgrad: False
    betas: (0.9, 0.999)
    eps: 1e-08
    lr: 0.0001
    weight_decay: 0
)",Knowledge Compression,,tensor(0.4921),,"tensor(-0.3650, device='cuda:0', grad_fn=<AddBackward0>)",09.09.21 22:01,tensor(0.5444),30.0,0.0001,"step in loop,rescale for teacher, No times 2 for teacher in segmentation",
39,250,"Adam (
Parameter Group 0
    amsgrad: False
    betas: (0.9, 0.999)
    eps: 1e-08
    lr: 0.0001
    weight_decay: 0
)",Knowledge Compression,,tensor(0.4921),,"tensor(-0.4018, device='cuda:0', grad_fn=<AddBackward0>)",10.09.21 10:30,tensor(0.5308),30.0,0.0001,"step in loop,rescale for teacher, No times 2 for teacher in segmentation",
40,10,"Adam (
Parameter Group 0
    amsgrad: False
    betas: (0.9, 0.999)
    eps: 1e-08
    lr: 0.0005
    weight_decay: 0
)",Knowledge Compression,,tensor(0.4921),,"tensor(-0.3606, device='cuda:0', grad_fn=<AddBackward0>)",10.09.21 10:54,tensor(0.5704),10.0,0.0005,"step in loop,rescale for teacher, No times 2 for teacher in segmentation",
41,60,"Adam (
Parameter Group 0
    amsgrad: False
    betas: (0.9, 0.999)
    eps: 1e-08
    lr: 0.0001
    weight_decay: 0
)",Knowledge Compression,,tensor(0.4921),,"tensor(-0.4401, device='cuda:0', grad_fn=<AddBackward0>)",10.09.21 11:34,tensor(0.5518),4.0,0.0001,"step in loop,rescale for teacher, No times 2 for teacher in segmentation",
42,30,"Adam (
Parameter Group 0
    amsgrad: False
    betas: (0.9, 0.999)
    eps: 1e-08
    lr: 0.0002
    weight_decay: 0
)",label loss,,tensor(0.5850),,label loss + diffloss,10.09.21 11:37,tensor(0.6707),10.0,0.0002,all_above; 3 classes,
43,30,"Adam (
Parameter Group 0
    amsgrad: False
    betas: (0.9, 0.999)
    eps: 1e-08
    lr: 0.0002
    weight_decay: 0
)",label loss,,tensor(0.5850),,label loss + diffloss,10.09.21 11:54,tensor(0.6772),20.0,0.0002,all_above; 3 classes,
44,30,"Adam (
Parameter Group 0
    amsgrad: False
    betas: (0.9, 0.999)
    eps: 1e-08
    lr: 0.0002
    weight_decay: 0
)",Knowledge Compression,,tensor(0.4921),,"tensor(-0.3162, device='cuda:0', grad_fn=<AddBackward0>)",10.09.21 12:08,tensor(0.5234),10.0,0.0002,3 class one hot,
45,60,"Adam (
Parameter Group 0
    amsgrad: False
    betas: (0.9, 0.999)
    eps: 1e-08
    lr: 0.0002
    weight_decay: 0
)",label loss,,tensor(0.5850),,label loss + diffloss,10.09.21 12:11,tensor(0.6599),20.0,0.0002,all_above; 3 classes,
46,100,"Adam (
Parameter Group 0
    amsgrad: False
    betas: (0.9, 0.999)
    eps: 1e-08
    lr: 0.0002
    weight_decay: 0
)",label loss,,tensor(0.5850),,label loss + diffloss,10.09.21 12:45,tensor(0.6656),20.0,0.0002,all_above; 3 classes,
47,60,"Adam (
Parameter Group 0
    amsgrad: False
    betas: (0.9, 0.999)
    eps: 1e-08
    lr: 0.0002
    weight_decay: 0
)",Knowledge Compression,,tensor(0.4921),,"tensor(-0.3252, device='cuda:0', grad_fn=<AddBackward0>)",10.09.21 13:18,tensor(0.5293),10.0,0.0002,3 class one hot,
48,40,"Adam (
Parameter Group 0
    amsgrad: False
    betas: (0.9, 0.999)
    eps: 1e-08
    lr: 0.0002
    weight_decay: 0
)",Knowledge Compression,,tensor(0.4921),,"tensor(-0.3245, device='cuda:0', grad_fn=<AddBackward0>)",10.09.21 14:10,tensor(0.5222),20.0,0.0002,3 class one hot,
49,40,"Adam (
Parameter Group 0
    amsgrad: False
    betas: (0.9, 0.999)
    eps: 1e-08
    lr: 0.0002
    weight_decay: 0
)",Knowledge Compression,,tensor(0.4921),,"tensor(-0.2171, device='cuda:0', grad_fn=<AddBackward0>)",10.09.21 14:54,tensor(0.5837),20.0,0.0002,3 class one hot,
50,100,"Adam (
Parameter Group 0
    amsgrad: False
    betas: (0.9, 0.999)
    eps: 1e-08
    lr: 0.0002
    weight_decay: 0
)",Knowledge Compression,,tensor(0.5431),,"tensor(-0.3226, device='cuda:0', grad_fn=<AddBackward0>)",15.09.21 14:07,tensor(0.6013),20.0,0.0002,3 class one hot,
51,100,"[Adam (
Parameter Group 0
    amsgrad: False
    betas: (0.9, 0.999)
    eps: 1e-08
    lr: 2e-05
    weight_decay: 0
), Adam (
Parameter Group 0
    amsgrad: False
    betas: (0.9, 0.999)
    eps: 1e-08
    lr: 2e-05
    weight_decay: 0
), Adam (
Parameter Group 0
    amsgrad: False
    betas: (0.9, 0.999)
    eps: 1e-08
    lr: 2e-05
    weight_decay: 0
), Adam (
Parameter Group 0
    amsgrad: False
    betas: (0.9, 0.999)
    eps: 1e-08
    lr: 2e-05
    weight_decay: 0
), Adam (
Parameter Group 0
    amsgrad: False
    betas: (0.9, 0.999)
    eps: 1e-08
    lr: 2e-05
    weight_decay: 0
)]",DML,,"tensor([[0.3104, 0.3104, 0.3104, 0.3104, 0.3104, 0.3104, 0.3104, 0.3104, 0.3104,
         0.3104, 0.3104, 0.3104, 0.3104, 0.3104, 0.3104, 0.3104, 0.3104, 0.3104,
         0.3104, 0.3104, 0.3104, 0.3104, 0.3104, 0.3104, 0.3104, 0.3104, 0.3104,
         0.3104, 0.3104, 0.3104, 0.3104, 0.3104, 0.3104, 0.3104, 0.3104, 0.3104,
         0.3104, 0.3104, 0.3104, 0.3104, 0.3104, 0.3104, 0.3104, 0.3104, 0.3104,
         0.3104, 0.3104, 0.3104, 0.3104, 0.3104, 0.3104, 0.3104, 0.3104, 0.3104,
         0.3104, 0.3104, 0.3104, 0.3104, 0.3104, 0.3104, 0.3104, 0.3104, 0.3104,
         0.3104, 0.3104, 0.3104, 0.3104, 0.3104, 0.3104, 0.3104, 0.3104, 0.3104,
         0.3104, 0.3104, 0.3104, 0.3104, 0.3104, 0.3104, 0.3104, 0.3104, 0.3104,
         0.3104, 0.3104, 0.3104, 0.3104, 0.3104, 0.3104, 0.3104, 0.3104, 0.3104,
         0.3104, 0.3104, 0.3104, 0.3104, 0.3104, 0.3104, 0.3104, 0.3104, 0.3104,
         0.3104],
        [0.3104, 0.3104, 0.3104, 0.3104, 0.3104, 0.3104, 0.3104, 0.3104, 0.3104,
         0.3104, 0.3104, 0.3104, 0.3104, 0.3104, 0.3104, 0.3104, 0.3104, 0.3104,
         0.3104, 0.3104, 0.3104, 0.3104, 0.3104, 0.3104, 0.3104, 0.3104, 0.3104,
         0.3104, 0.3104, 0.3104, 0.3104, 0.3104, 0.3104, 0.3104, 0.3104, 0.3104,
         0.3104, 0.3104, 0.3104, 0.3104, 0.3104, 0.3104, 0.3104, 0.3104, 0.3104,
         0.3104, 0.3104, 0.3104, 0.3104, 0.3104, 0.3104, 0.3104, 0.3104, 0.3104,
         0.3104, 0.3104, 0.3104, 0.3104, 0.3104, 0.3104, 0.3104, 0.3104, 0.3104,
         0.3104, 0.3104, 0.3104, 0.3104, 0.3104, 0.3104, 0.3104, 0.3104, 0.3104,
         0.3104, 0.3104, 0.3104, 0.3104, 0.3104, 0.3104, 0.3104, 0.3104, 0.3104,
         0.3104, 0.3104, 0.3104, 0.3104, 0.3104, 0.3104, 0.3104, 0.3104, 0.3104,
         0.3104, 0.3104, 0.3104, 0.3104, 0.3104, 0.3104, 0.3104, 0.3104, 0.3104,
         0.3104],
        [0.3104, 0.3104, 0.3104, 0.3104, 0.3104, 0.3104, 0.3104, 0.3104, 0.3104,
         0.3104, 0.3104, 0.3104, 0.3104, 0.3104, 0.3104, 0.3104, 0.3104, 0.3104,
         0.3104, 0.3104, 0.3104, 0.3104, 0.3104, 0.3104, 0.3104, 0.3104, 0.3104,
         0.3104, 0.3104, 0.3104, 0.3104, 0.3104, 0.3104, 0.3104, 0.3104, 0.3104,
         0.3104, 0.3104, 0.3104, 0.3104, 0.3104, 0.3104, 0.3104, 0.3104, 0.3104,
         0.3104, 0.3104, 0.3104, 0.3104, 0.3104, 0.3104, 0.3104, 0.3104, 0.3104,
         0.3104, 0.3104, 0.3104, 0.3104, 0.3104, 0.3104, 0.3104, 0.3104, 0.3104,
         0.3104, 0.3104, 0.3104, 0.3104, 0.3104, 0.3104, 0.3104, 0.3104, 0.3104,
         0.3104, 0.3104, 0.3104, 0.3104, 0.3104, 0.3104, 0.3104, 0.3104, 0.3104,
         0.3104, 0.3104, 0.3104, 0.3104, 0.3104, 0.3104, 0.3104, 0.3104, 0.3104,
         0.3104, 0.3104, 0.3104, 0.3104, 0.3104, 0.3104, 0.3104, 0.3104, 0.3104,
         0.3104],
        [0.3104, 0.3104, 0.3104, 0.3104, 0.3104, 0.3104, 0.3104, 0.3104, 0.3104,
         0.3104, 0.3104, 0.3104, 0.3104, 0.3104, 0.3104, 0.3104, 0.3104, 0.3104,
         0.3104, 0.3104, 0.3104, 0.3104, 0.3104, 0.3104, 0.3104, 0.3104, 0.3104,
         0.3104, 0.3104, 0.3104, 0.3104, 0.3104, 0.3104, 0.3104, 0.3104, 0.3104,
         0.3104, 0.3104, 0.3104, 0.3104, 0.3104, 0.3104, 0.3104, 0.3104, 0.3104,
         0.3104, 0.3104, 0.3104, 0.3104, 0.3104, 0.3104, 0.3104, 0.3104, 0.3104,
         0.3104, 0.3104, 0.3104, 0.3104, 0.3104, 0.3104, 0.3104, 0.3104, 0.3104,
         0.3104, 0.3104, 0.3104, 0.3104, 0.3104, 0.3104, 0.3104, 0.3104, 0.3104,
         0.3104, 0.3104, 0.3104, 0.3104, 0.3104, 0.3104, 0.3104, 0.3104, 0.3104,
         0.3104, 0.3104, 0.3104, 0.3104, 0.3104, 0.3104, 0.3104, 0.3104, 0.3104,
         0.3104, 0.3104, 0.3104, 0.3104, 0.3104, 0.3104, 0.3104, 0.3104, 0.3104,
         0.3104],
        [0.3104, 0.3104, 0.3104, 0.3104, 0.3104, 0.3104, 0.3104, 0.3104, 0.3104,
         0.3104, 0.3104, 0.3104, 0.3104, 0.3104, 0.3104, 0.3104, 0.3104, 0.3104,
         0.3104, 0.3104, 0.3104, 0.3104, 0.3104, 0.3104, 0.3104, 0.3104, 0.3104,
         0.3104, 0.3104, 0.3104, 0.3104, 0.3104, 0.3104, 0.3104, 0.3104, 0.3104,
         0.3104, 0.3104, 0.3104, 0.3104, 0.3104, 0.3104, 0.3104, 0.3104, 0.3104,
         0.3104, 0.3104, 0.3104, 0.3104, 0.3104, 0.3104, 0.3104, 0.3104, 0.3104,
         0.3104, 0.3104, 0.3104, 0.3104, 0.3104, 0.3104, 0.3104, 0.3104, 0.3104,
         0.3104, 0.3104, 0.3104, 0.3104, 0.3104, 0.3104, 0.3104, 0.3104, 0.3104,
         0.3104, 0.3104, 0.3104, 0.3104, 0.3104, 0.3104, 0.3104, 0.3104, 0.3104,
         0.3104, 0.3104, 0.3104, 0.3104, 0.3104, 0.3104, 0.3104, 0.3104, 0.3104,
         0.3104, 0.3104, 0.3104, 0.3104, 0.3104, 0.3104, 0.3104, 0.3104, 0.3104,
         0.3104]])",,Label + diff+ labeldiff between studs,16.09.21 12:08,"[0.3190726041793823, 0.3160842955112457, 0.32602936029434204, 0.31919270753860474, 0.3305172026157379]",10.0,2e-05,,"[0.000198592955712229, 0.00037580347270704806, 9.358193346997723e-05, 0.00019485536904539913, 4.3591349822236225e-05]"
52,100,"[Adam (
Parameter Group 0
    amsgrad: False
    betas: (0.9, 0.999)
    eps: 1e-08
    lr: 0.0002
    weight_decay: 0
), Adam (
Parameter Group 0
    amsgrad: False
    betas: (0.9, 0.999)
    eps: 1e-08
    lr: 0.0002
    weight_decay: 0
), Adam (
Parameter Group 0
    amsgrad: False
    betas: (0.9, 0.999)
    eps: 1e-08
    lr: 0.0002
    weight_decay: 0
), Adam (
Parameter Group 0
    amsgrad: False
    betas: (0.9, 0.999)
    eps: 1e-08
    lr: 0.0002
    weight_decay: 0
), Adam (
Parameter Group 0
    amsgrad: False
    betas: (0.9, 0.999)
    eps: 1e-08
    lr: 0.0002
    weight_decay: 0
)]",DML,,"tensor([[0.2938, 0.2938, 0.2938, 0.2938, 0.2938, 0.2938, 0.2938, 0.2938, 0.2938,
         0.2938, 0.2938, 0.2938, 0.2938, 0.2938, 0.2938, 0.2938, 0.2938, 0.2938,
         0.2938, 0.2938, 0.2938, 0.2938, 0.2938, 0.2938, 0.2938, 0.2938, 0.2938,
         0.2938, 0.2938, 0.2938, 0.2938, 0.2938, 0.2938, 0.2938, 0.2938, 0.2938,
         0.2938, 0.2938, 0.2938, 0.2938, 0.2938, 0.2938, 0.2938, 0.2938, 0.2938,
         0.2938, 0.2938, 0.2938, 0.2938, 0.2938, 0.2938, 0.2938, 0.2938, 0.2938,
         0.2938, 0.2938, 0.2938, 0.2938, 0.2938, 0.2938, 0.2938, 0.2938, 0.2938,
         0.2938, 0.2938, 0.2938, 0.2938, 0.2938, 0.2938, 0.2938, 0.2938, 0.2938,
         0.2938, 0.2938, 0.2938, 0.2938, 0.2938, 0.2938, 0.2938, 0.2938, 0.2938,
         0.2938, 0.2938, 0.2938, 0.2938, 0.2938, 0.2938, 0.2938, 0.2938, 0.2938,
         0.2938, 0.2938, 0.2938, 0.2938, 0.2938, 0.2938, 0.2938, 0.2938, 0.2938,
         0.2938],
        [0.2938, 0.2938, 0.2938, 0.2938, 0.2938, 0.2938, 0.2938, 0.2938, 0.2938,
         0.2938, 0.2938, 0.2938, 0.2938, 0.2938, 0.2938, 0.2938, 0.2938, 0.2938,
         0.2938, 0.2938, 0.2938, 0.2938, 0.2938, 0.2938, 0.2938, 0.2938, 0.2938,
         0.2938, 0.2938, 0.2938, 0.2938, 0.2938, 0.2938, 0.2938, 0.2938, 0.2938,
         0.2938, 0.2938, 0.2938, 0.2938, 0.2938, 0.2938, 0.2938, 0.2938, 0.2938,
         0.2938, 0.2938, 0.2938, 0.2938, 0.2938, 0.2938, 0.2938, 0.2938, 0.2938,
         0.2938, 0.2938, 0.2938, 0.2938, 0.2938, 0.2938, 0.2938, 0.2938, 0.2938,
         0.2938, 0.2938, 0.2938, 0.2938, 0.2938, 0.2938, 0.2938, 0.2938, 0.2938,
         0.2938, 0.2938, 0.2938, 0.2938, 0.2938, 0.2938, 0.2938, 0.2938, 0.2938,
         0.2938, 0.2938, 0.2938, 0.2938, 0.2938, 0.2938, 0.2938, 0.2938, 0.2938,
         0.2938, 0.2938, 0.2938, 0.2938, 0.2938, 0.2938, 0.2938, 0.2938, 0.2938,
         0.2938],
        [0.2938, 0.2938, 0.2938, 0.2938, 0.2938, 0.2938, 0.2938, 0.2938, 0.2938,
         0.2938, 0.2938, 0.2938, 0.2938, 0.2938, 0.2938, 0.2938, 0.2938, 0.2938,
         0.2938, 0.2938, 0.2938, 0.2938, 0.2938, 0.2938, 0.2938, 0.2938, 0.2938,
         0.2938, 0.2938, 0.2938, 0.2938, 0.2938, 0.2938, 0.2938, 0.2938, 0.2938,
         0.2938, 0.2938, 0.2938, 0.2938, 0.2938, 0.2938, 0.2938, 0.2938, 0.2938,
         0.2938, 0.2938, 0.2938, 0.2938, 0.2938, 0.2938, 0.2938, 0.2938, 0.2938,
         0.2938, 0.2938, 0.2938, 0.2938, 0.2938, 0.2938, 0.2938, 0.2938, 0.2938,
         0.2938, 0.2938, 0.2938, 0.2938, 0.2938, 0.2938, 0.2938, 0.2938, 0.2938,
         0.2938, 0.2938, 0.2938, 0.2938, 0.2938, 0.2938, 0.2938, 0.2938, 0.2938,
         0.2938, 0.2938, 0.2938, 0.2938, 0.2938, 0.2938, 0.2938, 0.2938, 0.2938,
         0.2938, 0.2938, 0.2938, 0.2938, 0.2938, 0.2938, 0.2938, 0.2938, 0.2938,
         0.2938],
        [0.2938, 0.2938, 0.2938, 0.2938, 0.2938, 0.2938, 0.2938, 0.2938, 0.2938,
         0.2938, 0.2938, 0.2938, 0.2938, 0.2938, 0.2938, 0.2938, 0.2938, 0.2938,
         0.2938, 0.2938, 0.2938, 0.2938, 0.2938, 0.2938, 0.2938, 0.2938, 0.2938,
         0.2938, 0.2938, 0.2938, 0.2938, 0.2938, 0.2938, 0.2938, 0.2938, 0.2938,
         0.2938, 0.2938, 0.2938, 0.2938, 0.2938, 0.2938, 0.2938, 0.2938, 0.2938,
         0.2938, 0.2938, 0.2938, 0.2938, 0.2938, 0.2938, 0.2938, 0.2938, 0.2938,
         0.2938, 0.2938, 0.2938, 0.2938, 0.2938, 0.2938, 0.2938, 0.2938, 0.2938,
         0.2938, 0.2938, 0.2938, 0.2938, 0.2938, 0.2938, 0.2938, 0.2938, 0.2938,
         0.2938, 0.2938, 0.2938, 0.2938, 0.2938, 0.2938, 0.2938, 0.2938, 0.2938,
         0.2938, 0.2938, 0.2938, 0.2938, 0.2938, 0.2938, 0.2938, 0.2938, 0.2938,
         0.2938, 0.2938, 0.2938, 0.2938, 0.2938, 0.2938, 0.2938, 0.2938, 0.2938,
         0.2938],
        [0.2938, 0.2938, 0.2938, 0.2938, 0.2938, 0.2938, 0.2938, 0.2938, 0.2938,
         0.2938, 0.2938, 0.2938, 0.2938, 0.2938, 0.2938, 0.2938, 0.2938, 0.2938,
         0.2938, 0.2938, 0.2938, 0.2938, 0.2938, 0.2938, 0.2938, 0.2938, 0.2938,
         0.2938, 0.2938, 0.2938, 0.2938, 0.2938, 0.2938, 0.2938, 0.2938, 0.2938,
         0.2938, 0.2938, 0.2938, 0.2938, 0.2938, 0.2938, 0.2938, 0.2938, 0.2938,
         0.2938, 0.2938, 0.2938, 0.2938, 0.2938, 0.2938, 0.2938, 0.2938, 0.2938,
         0.2938, 0.2938, 0.2938, 0.2938, 0.2938, 0.2938, 0.2938, 0.2938, 0.2938,
         0.2938, 0.2938, 0.2938, 0.2938, 0.2938, 0.2938, 0.2938, 0.2938, 0.2938,
         0.2938, 0.2938, 0.2938, 0.2938, 0.2938, 0.2938, 0.2938, 0.2938, 0.2938,
         0.2938, 0.2938, 0.2938, 0.2938, 0.2938, 0.2938, 0.2938, 0.2938, 0.2938,
         0.2938, 0.2938, 0.2938, 0.2938, 0.2938, 0.2938, 0.2938, 0.2938, 0.2938,
         0.2938]])",,Label + diff+ labeldiff between studs,16.09.21 13:44,"[0.30776694416999817, 0.3079356253147125, 0.31019294261932373, 0.309970498085022, 0.31237927079200745]",10.0,0.0002,,"[0.00012634847371373326, 7.689274934818968e-05, 3.377734174137004e-05, 0.00011864931730087847, 1.3648945241584443e-05]"
53,100,"[Adam (
Parameter Group 0
    amsgrad: False
    betas: (0.9, 0.999)
    eps: 1e-08
    lr: 0.0002
    weight_decay: 0
), Adam (
Parameter Group 0
    amsgrad: False
    betas: (0.9, 0.999)
    eps: 1e-08
    lr: 0.0002
    weight_decay: 0
), Adam (
Parameter Group 0
    amsgrad: False
    betas: (0.9, 0.999)
    eps: 1e-08
    lr: 0.0002
    weight_decay: 0
), Adam (
Parameter Group 0
    amsgrad: False
    betas: (0.9, 0.999)
    eps: 1e-08
    lr: 0.0002
    weight_decay: 0
), Adam (
Parameter Group 0
    amsgrad: False
    betas: (0.9, 0.999)
    eps: 1e-08
    lr: 0.0002
    weight_decay: 0
)]",DML,,"tensor([[0.3703, 0.3703, 0.3703, 0.3703, 0.3703, 0.3703, 0.3703, 0.3703, 0.3703,
         0.3703, 0.3703, 0.3703, 0.3703, 0.3703, 0.3703, 0.3703, 0.3703, 0.3703,
         0.3703, 0.3703, 0.3703, 0.3703, 0.3703, 0.3703, 0.3703, 0.3703, 0.3703,
         0.3703, 0.3703, 0.3703, 0.3703, 0.3703, 0.3703, 0.3703, 0.3703, 0.3703,
         0.3703, 0.3703, 0.3703, 0.3703, 0.3703, 0.3703, 0.3703, 0.3703, 0.3703,
         0.3703, 0.3703, 0.3703, 0.3703, 0.3703, 0.3703, 0.3703, 0.3703, 0.3703,
         0.3703, 0.3703, 0.3703, 0.3703, 0.3703, 0.3703, 0.3703, 0.3703, 0.3703,
         0.3703, 0.3703, 0.3703, 0.3703, 0.3703, 0.3703, 0.3703, 0.3703, 0.3703,
         0.3703, 0.3703, 0.3703, 0.3703, 0.3703, 0.3703, 0.3703, 0.3703, 0.3703,
         0.3703, 0.3703, 0.3703, 0.3703, 0.3703, 0.3703, 0.3703, 0.3703, 0.3703,
         0.3703, 0.3703, 0.3703, 0.3703, 0.3703, 0.3703, 0.3703, 0.3703, 0.3703,
         0.3703],
        [0.3703, 0.3703, 0.3703, 0.3703, 0.3703, 0.3703, 0.3703, 0.3703, 0.3703,
         0.3703, 0.3703, 0.3703, 0.3703, 0.3703, 0.3703, 0.3703, 0.3703, 0.3703,
         0.3703, 0.3703, 0.3703, 0.3703, 0.3703, 0.3703, 0.3703, 0.3703, 0.3703,
         0.3703, 0.3703, 0.3703, 0.3703, 0.3703, 0.3703, 0.3703, 0.3703, 0.3703,
         0.3703, 0.3703, 0.3703, 0.3703, 0.3703, 0.3703, 0.3703, 0.3703, 0.3703,
         0.3703, 0.3703, 0.3703, 0.3703, 0.3703, 0.3703, 0.3703, 0.3703, 0.3703,
         0.3703, 0.3703, 0.3703, 0.3703, 0.3703, 0.3703, 0.3703, 0.3703, 0.3703,
         0.3703, 0.3703, 0.3703, 0.3703, 0.3703, 0.3703, 0.3703, 0.3703, 0.3703,
         0.3703, 0.3703, 0.3703, 0.3703, 0.3703, 0.3703, 0.3703, 0.3703, 0.3703,
         0.3703, 0.3703, 0.3703, 0.3703, 0.3703, 0.3703, 0.3703, 0.3703, 0.3703,
         0.3703, 0.3703, 0.3703, 0.3703, 0.3703, 0.3703, 0.3703, 0.3703, 0.3703,
         0.3703],
        [0.3703, 0.3703, 0.3703, 0.3703, 0.3703, 0.3703, 0.3703, 0.3703, 0.3703,
         0.3703, 0.3703, 0.3703, 0.3703, 0.3703, 0.3703, 0.3703, 0.3703, 0.3703,
         0.3703, 0.3703, 0.3703, 0.3703, 0.3703, 0.3703, 0.3703, 0.3703, 0.3703,
         0.3703, 0.3703, 0.3703, 0.3703, 0.3703, 0.3703, 0.3703, 0.3703, 0.3703,
         0.3703, 0.3703, 0.3703, 0.3703, 0.3703, 0.3703, 0.3703, 0.3703, 0.3703,
         0.3703, 0.3703, 0.3703, 0.3703, 0.3703, 0.3703, 0.3703, 0.3703, 0.3703,
         0.3703, 0.3703, 0.3703, 0.3703, 0.3703, 0.3703, 0.3703, 0.3703, 0.3703,
         0.3703, 0.3703, 0.3703, 0.3703, 0.3703, 0.3703, 0.3703, 0.3703, 0.3703,
         0.3703, 0.3703, 0.3703, 0.3703, 0.3703, 0.3703, 0.3703, 0.3703, 0.3703,
         0.3703, 0.3703, 0.3703, 0.3703, 0.3703, 0.3703, 0.3703, 0.3703, 0.3703,
         0.3703, 0.3703, 0.3703, 0.3703, 0.3703, 0.3703, 0.3703, 0.3703, 0.3703,
         0.3703],
        [0.3703, 0.3703, 0.3703, 0.3703, 0.3703, 0.3703, 0.3703, 0.3703, 0.3703,
         0.3703, 0.3703, 0.3703, 0.3703, 0.3703, 0.3703, 0.3703, 0.3703, 0.3703,
         0.3703, 0.3703, 0.3703, 0.3703, 0.3703, 0.3703, 0.3703, 0.3703, 0.3703,
         0.3703, 0.3703, 0.3703, 0.3703, 0.3703, 0.3703, 0.3703, 0.3703, 0.3703,
         0.3703, 0.3703, 0.3703, 0.3703, 0.3703, 0.3703, 0.3703, 0.3703, 0.3703,
         0.3703, 0.3703, 0.3703, 0.3703, 0.3703, 0.3703, 0.3703, 0.3703, 0.3703,
         0.3703, 0.3703, 0.3703, 0.3703, 0.3703, 0.3703, 0.3703, 0.3703, 0.3703,
         0.3703, 0.3703, 0.3703, 0.3703, 0.3703, 0.3703, 0.3703, 0.3703, 0.3703,
         0.3703, 0.3703, 0.3703, 0.3703, 0.3703, 0.3703, 0.3703, 0.3703, 0.3703,
         0.3703, 0.3703, 0.3703, 0.3703, 0.3703, 0.3703, 0.3703, 0.3703, 0.3703,
         0.3703, 0.3703, 0.3703, 0.3703, 0.3703, 0.3703, 0.3703, 0.3703, 0.3703,
         0.3703],
        [0.3703, 0.3703, 0.3703, 0.3703, 0.3703, 0.3703, 0.3703, 0.3703, 0.3703,
         0.3703, 0.3703, 0.3703, 0.3703, 0.3703, 0.3703, 0.3703, 0.3703, 0.3703,
         0.3703, 0.3703, 0.3703, 0.3703, 0.3703, 0.3703, 0.3703, 0.3703, 0.3703,
         0.3703, 0.3703, 0.3703, 0.3703, 0.3703, 0.3703, 0.3703, 0.3703, 0.3703,
         0.3703, 0.3703, 0.3703, 0.3703, 0.3703, 0.3703, 0.3703, 0.3703, 0.3703,
         0.3703, 0.3703, 0.3703, 0.3703, 0.3703, 0.3703, 0.3703, 0.3703, 0.3703,
         0.3703, 0.3703, 0.3703, 0.3703, 0.3703, 0.3703, 0.3703, 0.3703, 0.3703,
         0.3703, 0.3703, 0.3703, 0.3703, 0.3703, 0.3703, 0.3703, 0.3703, 0.3703,
         0.3703, 0.3703, 0.3703, 0.3703, 0.3703, 0.3703, 0.3703, 0.3703, 0.3703,
         0.3703, 0.3703, 0.3703, 0.3703, 0.3703, 0.3703, 0.3703, 0.3703, 0.3703,
         0.3703, 0.3703, 0.3703, 0.3703, 0.3703, 0.3703, 0.3703, 0.3703, 0.3703,
         0.3703]])",,Label + diff+ labeldiff between studs,16.09.21 17:01,"[0.36454880237579346, 0.36181923747062683, 0.3727901577949524, 0.3655093312263489, 0.3751983344554901]",20.0,0.0002,,"[0.00032917337375693023, 0.00036206835648044944, 0.00017700846365187317, 0.00034238179796375334, 5.678528032149188e-05]"
54,100,"Adam (
Parameter Group 0
    amsgrad: False
    betas: (0.9, 0.999)
    eps: 1e-08
    lr: 0.0002
    weight_decay: 0
)",Knowledge Compression,,tensor(0.5038),,"tensor(-0.2888, device='cuda:0', grad_fn=<AddBackward0>)",23.09.21 11:33,tensor(0.5038),20.0,0.0002,One Hot for KL_div + Scale_Factr=4*64,
55,100,"Adam (
Parameter Group 0
    amsgrad: False
    betas: (0.9, 0.999)
    eps: 1e-08
    lr: 0.0002
    weight_decay: 0
)",label loss,,tensor(0.5779),,label loss + diffloss,29.09.21 09:12,tensor(0.6683),20.0,0.0002,16 Channels,
56,100,"Adam (
Parameter Group 0
    amsgrad: False
    betas: (0.9, 0.999)
    eps: 1e-08
    lr: 0.0002
    weight_decay: 0
)",label loss,,tensor(0.5779),,label loss + diffloss,29.09.21 10:06,tensor(0.6750),30.0,0.0002,16 Channels,
57,100,"Adam (
Parameter Group 0
    amsgrad: False
    betas: (0.9, 0.999)
    eps: 1e-08
    lr: 0.0002
    weight_decay: 0
)",label loss,,tensor(0.5779),,label loss + diffloss,29.09.21 10:44,tensor(0.6781),40.0,0.0002,16 Channels,
58,100,"Adam (
Parameter Group 0
    amsgrad: False
    betas: (0.9, 0.999)
    eps: 1e-08
    lr: 0.0002
    weight_decay: 0
)",label loss,,tensor(0.5779),,label loss + diffloss,29.09.21 11:03,tensor(0.6781),40.0,0.0002,16 Channels,
59,100,"Adam (
Parameter Group 0
    amsgrad: False
    betas: (0.9, 0.999)
    eps: 1e-08
    lr: 0.0002
    weight_decay: 0
)",Knowledge Compression,,tensor(0.5027),,"tensor(0.4320, device='cuda:0', grad_fn=<AddBackward0>)",30.09.21 14:40,0.5636783838272095,20.0,0.0002,One Hot for MSE + Scale_Factr=4*64,
60,80,"Adam (
Parameter Group 0
    amsgrad: False
    betas: (0.9, 0.999)
    eps: 1e-08
    lr: 0.0002
    weight_decay: 0
)",Knowledge Compression,,tensor(0.5027),,"tensor(0.4329, device='cuda:0', grad_fn=<AddBackward0>)",30.09.21 16:46,0.5667100548744202,20.0,0.0002,One Hot for MSE + Scale_Factr=4*64,
61,80,"Adam (
Parameter Group 0
    amsgrad: False
    betas: (0.9, 0.999)
    eps: 1e-08
    lr: 0.0002
    weight_decay: 0
)",Knowledge Compression,,tensor(0.5027),,"tensor(0.4329, device='cuda:0', grad_fn=<AddBackward0>)",30.09.21 16:46,0.5667100548744202,20.0,0.0002,One Hot for MSE + Scale_Factr=4*64,
62,100,"Adam (
Parameter Group 0
    amsgrad: False
    betas: (0.9, 0.999)
    eps: 1e-08
    lr: 0.0002
    weight_decay: 0
)",Knowledge Compression,,tensor(0.5924),,"tensor(0.4396, device='cuda:0', grad_fn=<AddBackward0>)",30.09.21 18:36,0.6728898882865906,20.0,0.0002,One Hot for MSE + Scale_Factr=4*64,
63,100,"Adam (
Parameter Group 0
    amsgrad: False
    betas: (0.9, 0.999)
    eps: 1e-08
    lr: 0.0002
    weight_decay: 0
)",Knowledge Compression,,tensor(0.5924),,"tensor(0.3636, device='cuda:0', grad_fn=<AddBackward0>)",30.09.21 20:38,0.5212966799736023,20.0,0.0002,One Hot for MSE + Scale_Factr=4*64 + alpha=0.5,
64,100,"Adam (
Parameter Group 0
    amsgrad: False
    betas: (0.9, 0.999)
    eps: 1e-08
    lr: 0.0002
    weight_decay: 0
)",Knowledge Compression,,tensor(0.6103),,"tensor(0.3678, device='cuda:0', grad_fn=<AddBackward0>)",01.10.21 13:22,0.5503050684928894,20.0,0.0002,One Hot for MSE + Scale_Factr=4*64 + alpha=0.5,
65,100,"Adam (
Parameter Group 0
    amsgrad: False
    betas: (0.9, 0.999)
    eps: 1e-08
    lr: 0.0002
    weight_decay: 0
)",Knowledge Compression,,tensor(0.6099),,"tensor(0.4346, device='cuda:0', grad_fn=<AddBackward0>)",01.10.21 16:32,0.6602550745010376,20.0,0.0002,One Hot for MSE + Scale_Factr=4*64 + alpha=0.5,
66,100,"[Adam (
Parameter Group 0
    amsgrad: False
    betas: (0.9, 0.999)
    eps: 1e-08
    lr: 0.0002
    weight_decay: 0
), Adam (
Parameter Group 0
    amsgrad: False
    betas: (0.9, 0.999)
    eps: 1e-08
    lr: 0.0002
    weight_decay: 0
), Adam (
Parameter Group 0
    amsgrad: False
    betas: (0.9, 0.999)
    eps: 1e-08
    lr: 0.0002
    weight_decay: 0
), Adam (
Parameter Group 0
    amsgrad: False
    betas: (0.9, 0.999)
    eps: 1e-08
    lr: 0.0002
    weight_decay: 0
), Adam (
Parameter Group 0
    amsgrad: False
    betas: (0.9, 0.999)
    eps: 1e-08
    lr: 0.0002
    weight_decay: 0
)]",DML,,"tensor([[0.5821, 0.5821, 0.5821, 0.5821, 0.5821, 0.5821, 0.5821, 0.5821, 0.5821,
         0.5821, 0.5821, 0.5821, 0.5821, 0.5821, 0.5821, 0.5821, 0.5821, 0.5821,
         0.5821, 0.5821, 0.5821, 0.5821, 0.5821, 0.5821, 0.5821, 0.5821, 0.5821,
         0.5821, 0.5821, 0.5821, 0.5821, 0.5821, 0.5821, 0.5821, 0.5821, 0.5821,
         0.5821, 0.5821, 0.5821, 0.5821, 0.5821, 0.5821, 0.5821, 0.5821, 0.5821,
         0.5821, 0.5821, 0.5821, 0.5821, 0.5821, 0.5821, 0.5821, 0.5821, 0.5821,
         0.5821, 0.5821, 0.5821, 0.5821, 0.5821, 0.5821, 0.5821, 0.5821, 0.5821,
         0.5821, 0.5821, 0.5821, 0.5821, 0.5821, 0.5821, 0.5821, 0.5821, 0.5821,
         0.5821, 0.5821, 0.5821, 0.5821, 0.5821, 0.5821, 0.5821, 0.5821, 0.5821,
         0.5821, 0.5821, 0.5821, 0.5821, 0.5821, 0.5821, 0.5821, 0.5821, 0.5821,
         0.5821, 0.5821, 0.5821, 0.5821, 0.5821, 0.5821, 0.5821, 0.5821, 0.5821,
         0.5821],
        [0.5821, 0.5821, 0.5821, 0.5821, 0.5821, 0.5821, 0.5821, 0.5821, 0.5821,
         0.5821, 0.5821, 0.5821, 0.5821, 0.5821, 0.5821, 0.5821, 0.5821, 0.5821,
         0.5821, 0.5821, 0.5821, 0.5821, 0.5821, 0.5821, 0.5821, 0.5821, 0.5821,
         0.5821, 0.5821, 0.5821, 0.5821, 0.5821, 0.5821, 0.5821, 0.5821, 0.5821,
         0.5821, 0.5821, 0.5821, 0.5821, 0.5821, 0.5821, 0.5821, 0.5821, 0.5821,
         0.5821, 0.5821, 0.5821, 0.5821, 0.5821, 0.5821, 0.5821, 0.5821, 0.5821,
         0.5821, 0.5821, 0.5821, 0.5821, 0.5821, 0.5821, 0.5821, 0.5821, 0.5821,
         0.5821, 0.5821, 0.5821, 0.5821, 0.5821, 0.5821, 0.5821, 0.5821, 0.5821,
         0.5821, 0.5821, 0.5821, 0.5821, 0.5821, 0.5821, 0.5821, 0.5821, 0.5821,
         0.5821, 0.5821, 0.5821, 0.5821, 0.5821, 0.5821, 0.5821, 0.5821, 0.5821,
         0.5821, 0.5821, 0.5821, 0.5821, 0.5821, 0.5821, 0.5821, 0.5821, 0.5821,
         0.5821],
        [0.5821, 0.5821, 0.5821, 0.5821, 0.5821, 0.5821, 0.5821, 0.5821, 0.5821,
         0.5821, 0.5821, 0.5821, 0.5821, 0.5821, 0.5821, 0.5821, 0.5821, 0.5821,
         0.5821, 0.5821, 0.5821, 0.5821, 0.5821, 0.5821, 0.5821, 0.5821, 0.5821,
         0.5821, 0.5821, 0.5821, 0.5821, 0.5821, 0.5821, 0.5821, 0.5821, 0.5821,
         0.5821, 0.5821, 0.5821, 0.5821, 0.5821, 0.5821, 0.5821, 0.5821, 0.5821,
         0.5821, 0.5821, 0.5821, 0.5821, 0.5821, 0.5821, 0.5821, 0.5821, 0.5821,
         0.5821, 0.5821, 0.5821, 0.5821, 0.5821, 0.5821, 0.5821, 0.5821, 0.5821,
         0.5821, 0.5821, 0.5821, 0.5821, 0.5821, 0.5821, 0.5821, 0.5821, 0.5821,
         0.5821, 0.5821, 0.5821, 0.5821, 0.5821, 0.5821, 0.5821, 0.5821, 0.5821,
         0.5821, 0.5821, 0.5821, 0.5821, 0.5821, 0.5821, 0.5821, 0.5821, 0.5821,
         0.5821, 0.5821, 0.5821, 0.5821, 0.5821, 0.5821, 0.5821, 0.5821, 0.5821,
         0.5821],
        [0.5821, 0.5821, 0.5821, 0.5821, 0.5821, 0.5821, 0.5821, 0.5821, 0.5821,
         0.5821, 0.5821, 0.5821, 0.5821, 0.5821, 0.5821, 0.5821, 0.5821, 0.5821,
         0.5821, 0.5821, 0.5821, 0.5821, 0.5821, 0.5821, 0.5821, 0.5821, 0.5821,
         0.5821, 0.5821, 0.5821, 0.5821, 0.5821, 0.5821, 0.5821, 0.5821, 0.5821,
         0.5821, 0.5821, 0.5821, 0.5821, 0.5821, 0.5821, 0.5821, 0.5821, 0.5821,
         0.5821, 0.5821, 0.5821, 0.5821, 0.5821, 0.5821, 0.5821, 0.5821, 0.5821,
         0.5821, 0.5821, 0.5821, 0.5821, 0.5821, 0.5821, 0.5821, 0.5821, 0.5821,
         0.5821, 0.5821, 0.5821, 0.5821, 0.5821, 0.5821, 0.5821, 0.5821, 0.5821,
         0.5821, 0.5821, 0.5821, 0.5821, 0.5821, 0.5821, 0.5821, 0.5821, 0.5821,
         0.5821, 0.5821, 0.5821, 0.5821, 0.5821, 0.5821, 0.5821, 0.5821, 0.5821,
         0.5821, 0.5821, 0.5821, 0.5821, 0.5821, 0.5821, 0.5821, 0.5821, 0.5821,
         0.5821],
        [0.5821, 0.5821, 0.5821, 0.5821, 0.5821, 0.5821, 0.5821, 0.5821, 0.5821,
         0.5821, 0.5821, 0.5821, 0.5821, 0.5821, 0.5821, 0.5821, 0.5821, 0.5821,
         0.5821, 0.5821, 0.5821, 0.5821, 0.5821, 0.5821, 0.5821, 0.5821, 0.5821,
         0.5821, 0.5821, 0.5821, 0.5821, 0.5821, 0.5821, 0.5821, 0.5821, 0.5821,
         0.5821, 0.5821, 0.5821, 0.5821, 0.5821, 0.5821, 0.5821, 0.5821, 0.5821,
         0.5821, 0.5821, 0.5821, 0.5821, 0.5821, 0.5821, 0.5821, 0.5821, 0.5821,
         0.5821, 0.5821, 0.5821, 0.5821, 0.5821, 0.5821, 0.5821, 0.5821, 0.5821,
         0.5821, 0.5821, 0.5821, 0.5821, 0.5821, 0.5821, 0.5821, 0.5821, 0.5821,
         0.5821, 0.5821, 0.5821, 0.5821, 0.5821, 0.5821, 0.5821, 0.5821, 0.5821,
         0.5821, 0.5821, 0.5821, 0.5821, 0.5821, 0.5821, 0.5821, 0.5821, 0.5821,
         0.5821, 0.5821, 0.5821, 0.5821, 0.5821, 0.5821, 0.5821, 0.5821, 0.5821,
         0.5821]])",,Label + diff+ labeldiff between studs,06.10.21 15:39,"[0.6625911593437195, 0.6555067300796509, 0.6575990319252014, 0.6497325897216797, 0.6509661078453064]",20.0,0.0002,,"[4.9849650167743675e-06, 1.1465956049505621e-05, 3.805757842201274e-06, 9.92638524621725e-06, 7.436273790517589e-06]"
67,200,"[Adam (
Parameter Group 0
    amsgrad: False
    betas: (0.9, 0.999)
    eps: 1e-08
    lr: 0.0002
    weight_decay: 0
), Adam (
Parameter Group 0
    amsgrad: False
    betas: (0.9, 0.999)
    eps: 1e-08
    lr: 0.0002
    weight_decay: 0
), Adam (
Parameter Group 0
    amsgrad: False
    betas: (0.9, 0.999)
    eps: 1e-08
    lr: 0.0002
    weight_decay: 0
), Adam (
Parameter Group 0
    amsgrad: False
    betas: (0.9, 0.999)
    eps: 1e-08
    lr: 0.0002
    weight_decay: 0
), Adam (
Parameter Group 0
    amsgrad: False
    betas: (0.9, 0.999)
    eps: 1e-08
    lr: 0.0002
    weight_decay: 0
)]",DML,,"tensor([[0.5821, 0.5821, 0.5821, 0.5821, 0.5821, 0.5821, 0.5821, 0.5821, 0.5821,
         0.5821, 0.5821, 0.5821, 0.5821, 0.5821, 0.5821, 0.5821, 0.5821, 0.5821,
         0.5821, 0.5821, 0.5821, 0.5821, 0.5821, 0.5821, 0.5821, 0.5821, 0.5821,
         0.5821, 0.5821, 0.5821, 0.5821, 0.5821, 0.5821, 0.5821, 0.5821, 0.5821,
         0.5821, 0.5821, 0.5821, 0.5821, 0.5821, 0.5821, 0.5821, 0.5821, 0.5821,
         0.5821, 0.5821, 0.5821, 0.5821, 0.5821, 0.5821, 0.5821, 0.5821, 0.5821,
         0.5821, 0.5821, 0.5821, 0.5821, 0.5821, 0.5821, 0.5821, 0.5821, 0.5821,
         0.5821, 0.5821, 0.5821, 0.5821, 0.5821, 0.5821, 0.5821, 0.5821, 0.5821,
         0.5821, 0.5821, 0.5821, 0.5821, 0.5821, 0.5821, 0.5821, 0.5821, 0.5821,
         0.5821, 0.5821, 0.5821, 0.5821, 0.5821, 0.5821, 0.5821, 0.5821, 0.5821,
         0.5821, 0.5821, 0.5821, 0.5821, 0.5821, 0.5821, 0.5821, 0.5821, 0.5821,
         0.5821, 0.5821, 0.5821, 0.5821, 0.5821, 0.5821, 0.5821, 0.5821, 0.5821,
         0.5821, 0.5821, 0.5821, 0.5821, 0.5821, 0.5821, 0.5821, 0.5821, 0.5821,
         0.5821, 0.5821, 0.5821, 0.5821, 0.5821, 0.5821, 0.5821, 0.5821, 0.5821,
         0.5821, 0.5821, 0.5821, 0.5821, 0.5821, 0.5821, 0.5821, 0.5821, 0.5821,
         0.5821, 0.5821, 0.5821, 0.5821, 0.5821, 0.5821, 0.5821, 0.5821, 0.5821,
         0.5821, 0.5821, 0.5821, 0.5821, 0.5821, 0.5821, 0.5821, 0.5821, 0.5821,
         0.5821, 0.5821, 0.5821, 0.5821, 0.5821, 0.5821, 0.5821, 0.5821, 0.5821,
         0.5821, 0.5821, 0.5821, 0.5821, 0.5821, 0.5821, 0.5821, 0.5821, 0.5821,
         0.5821, 0.5821, 0.5821, 0.5821, 0.5821, 0.5821, 0.5821, 0.5821, 0.5821,
         0.5821, 0.5821, 0.5821, 0.5821, 0.5821, 0.5821, 0.5821, 0.5821, 0.5821,
         0.5821, 0.5821, 0.5821, 0.5821, 0.5821, 0.5821, 0.5821, 0.5821, 0.5821,
         0.5821, 0.5821],
        [0.5821, 0.5821, 0.5821, 0.5821, 0.5821, 0.5821, 0.5821, 0.5821, 0.5821,
         0.5821, 0.5821, 0.5821, 0.5821, 0.5821, 0.5821, 0.5821, 0.5821, 0.5821,
         0.5821, 0.5821, 0.5821, 0.5821, 0.5821, 0.5821, 0.5821, 0.5821, 0.5821,
         0.5821, 0.5821, 0.5821, 0.5821, 0.5821, 0.5821, 0.5821, 0.5821, 0.5821,
         0.5821, 0.5821, 0.5821, 0.5821, 0.5821, 0.5821, 0.5821, 0.5821, 0.5821,
         0.5821, 0.5821, 0.5821, 0.5821, 0.5821, 0.5821, 0.5821, 0.5821, 0.5821,
         0.5821, 0.5821, 0.5821, 0.5821, 0.5821, 0.5821, 0.5821, 0.5821, 0.5821,
         0.5821, 0.5821, 0.5821, 0.5821, 0.5821, 0.5821, 0.5821, 0.5821, 0.5821,
         0.5821, 0.5821, 0.5821, 0.5821, 0.5821, 0.5821, 0.5821, 0.5821, 0.5821,
         0.5821, 0.5821, 0.5821, 0.5821, 0.5821, 0.5821, 0.5821, 0.5821, 0.5821,
         0.5821, 0.5821, 0.5821, 0.5821, 0.5821, 0.5821, 0.5821, 0.5821, 0.5821,
         0.5821, 0.5821, 0.5821, 0.5821, 0.5821, 0.5821, 0.5821, 0.5821, 0.5821,
         0.5821, 0.5821, 0.5821, 0.5821, 0.5821, 0.5821, 0.5821, 0.5821, 0.5821,
         0.5821, 0.5821, 0.5821, 0.5821, 0.5821, 0.5821, 0.5821, 0.5821, 0.5821,
         0.5821, 0.5821, 0.5821, 0.5821, 0.5821, 0.5821, 0.5821, 0.5821, 0.5821,
         0.5821, 0.5821, 0.5821, 0.5821, 0.5821, 0.5821, 0.5821, 0.5821, 0.5821,
         0.5821, 0.5821, 0.5821, 0.5821, 0.5821, 0.5821, 0.5821, 0.5821, 0.5821,
         0.5821, 0.5821, 0.5821, 0.5821, 0.5821, 0.5821, 0.5821, 0.5821, 0.5821,
         0.5821, 0.5821, 0.5821, 0.5821, 0.5821, 0.5821, 0.5821, 0.5821, 0.5821,
         0.5821, 0.5821, 0.5821, 0.5821, 0.5821, 0.5821, 0.5821, 0.5821, 0.5821,
         0.5821, 0.5821, 0.5821, 0.5821, 0.5821, 0.5821, 0.5821, 0.5821, 0.5821,
         0.5821, 0.5821, 0.5821, 0.5821, 0.5821, 0.5821, 0.5821, 0.5821, 0.5821,
         0.5821, 0.5821],
        [0.5821, 0.5821, 0.5821, 0.5821, 0.5821, 0.5821, 0.5821, 0.5821, 0.5821,
         0.5821, 0.5821, 0.5821, 0.5821, 0.5821, 0.5821, 0.5821, 0.5821, 0.5821,
         0.5821, 0.5821, 0.5821, 0.5821, 0.5821, 0.5821, 0.5821, 0.5821, 0.5821,
         0.5821, 0.5821, 0.5821, 0.5821, 0.5821, 0.5821, 0.5821, 0.5821, 0.5821,
         0.5821, 0.5821, 0.5821, 0.5821, 0.5821, 0.5821, 0.5821, 0.5821, 0.5821,
         0.5821, 0.5821, 0.5821, 0.5821, 0.5821, 0.5821, 0.5821, 0.5821, 0.5821,
         0.5821, 0.5821, 0.5821, 0.5821, 0.5821, 0.5821, 0.5821, 0.5821, 0.5821,
         0.5821, 0.5821, 0.5821, 0.5821, 0.5821, 0.5821, 0.5821, 0.5821, 0.5821,
         0.5821, 0.5821, 0.5821, 0.5821, 0.5821, 0.5821, 0.5821, 0.5821, 0.5821,
         0.5821, 0.5821, 0.5821, 0.5821, 0.5821, 0.5821, 0.5821, 0.5821, 0.5821,
         0.5821, 0.5821, 0.5821, 0.5821, 0.5821, 0.5821, 0.5821, 0.5821, 0.5821,
         0.5821, 0.5821, 0.5821, 0.5821, 0.5821, 0.5821, 0.5821, 0.5821, 0.5821,
         0.5821, 0.5821, 0.5821, 0.5821, 0.5821, 0.5821, 0.5821, 0.5821, 0.5821,
         0.5821, 0.5821, 0.5821, 0.5821, 0.5821, 0.5821, 0.5821, 0.5821, 0.5821,
         0.5821, 0.5821, 0.5821, 0.5821, 0.5821, 0.5821, 0.5821, 0.5821, 0.5821,
         0.5821, 0.5821, 0.5821, 0.5821, 0.5821, 0.5821, 0.5821, 0.5821, 0.5821,
         0.5821, 0.5821, 0.5821, 0.5821, 0.5821, 0.5821, 0.5821, 0.5821, 0.5821,
         0.5821, 0.5821, 0.5821, 0.5821, 0.5821, 0.5821, 0.5821, 0.5821, 0.5821,
         0.5821, 0.5821, 0.5821, 0.5821, 0.5821, 0.5821, 0.5821, 0.5821, 0.5821,
         0.5821, 0.5821, 0.5821, 0.5821, 0.5821, 0.5821, 0.5821, 0.5821, 0.5821,
         0.5821, 0.5821, 0.5821, 0.5821, 0.5821, 0.5821, 0.5821, 0.5821, 0.5821,
         0.5821, 0.5821, 0.5821, 0.5821, 0.5821, 0.5821, 0.5821, 0.5821, 0.5821,
         0.5821, 0.5821],
        [0.5821, 0.5821, 0.5821, 0.5821, 0.5821, 0.5821, 0.5821, 0.5821, 0.5821,
         0.5821, 0.5821, 0.5821, 0.5821, 0.5821, 0.5821, 0.5821, 0.5821, 0.5821,
         0.5821, 0.5821, 0.5821, 0.5821, 0.5821, 0.5821, 0.5821, 0.5821, 0.5821,
         0.5821, 0.5821, 0.5821, 0.5821, 0.5821, 0.5821, 0.5821, 0.5821, 0.5821,
         0.5821, 0.5821, 0.5821, 0.5821, 0.5821, 0.5821, 0.5821, 0.5821, 0.5821,
         0.5821, 0.5821, 0.5821, 0.5821, 0.5821, 0.5821, 0.5821, 0.5821, 0.5821,
         0.5821, 0.5821, 0.5821, 0.5821, 0.5821, 0.5821, 0.5821, 0.5821, 0.5821,
         0.5821, 0.5821, 0.5821, 0.5821, 0.5821, 0.5821, 0.5821, 0.5821, 0.5821,
         0.5821, 0.5821, 0.5821, 0.5821, 0.5821, 0.5821, 0.5821, 0.5821, 0.5821,
         0.5821, 0.5821, 0.5821, 0.5821, 0.5821, 0.5821, 0.5821, 0.5821, 0.5821,
         0.5821, 0.5821, 0.5821, 0.5821, 0.5821, 0.5821, 0.5821, 0.5821, 0.5821,
         0.5821, 0.5821, 0.5821, 0.5821, 0.5821, 0.5821, 0.5821, 0.5821, 0.5821,
         0.5821, 0.5821, 0.5821, 0.5821, 0.5821, 0.5821, 0.5821, 0.5821, 0.5821,
         0.5821, 0.5821, 0.5821, 0.5821, 0.5821, 0.5821, 0.5821, 0.5821, 0.5821,
         0.5821, 0.5821, 0.5821, 0.5821, 0.5821, 0.5821, 0.5821, 0.5821, 0.5821,
         0.5821, 0.5821, 0.5821, 0.5821, 0.5821, 0.5821, 0.5821, 0.5821, 0.5821,
         0.5821, 0.5821, 0.5821, 0.5821, 0.5821, 0.5821, 0.5821, 0.5821, 0.5821,
         0.5821, 0.5821, 0.5821, 0.5821, 0.5821, 0.5821, 0.5821, 0.5821, 0.5821,
         0.5821, 0.5821, 0.5821, 0.5821, 0.5821, 0.5821, 0.5821, 0.5821, 0.5821,
         0.5821, 0.5821, 0.5821, 0.5821, 0.5821, 0.5821, 0.5821, 0.5821, 0.5821,
         0.5821, 0.5821, 0.5821, 0.5821, 0.5821, 0.5821, 0.5821, 0.5821, 0.5821,
         0.5821, 0.5821, 0.5821, 0.5821, 0.5821, 0.5821, 0.5821, 0.5821, 0.5821,
         0.5821, 0.5821],
        [0.5821, 0.5821, 0.5821, 0.5821, 0.5821, 0.5821, 0.5821, 0.5821, 0.5821,
         0.5821, 0.5821, 0.5821, 0.5821, 0.5821, 0.5821, 0.5821, 0.5821, 0.5821,
         0.5821, 0.5821, 0.5821, 0.5821, 0.5821, 0.5821, 0.5821, 0.5821, 0.5821,
         0.5821, 0.5821, 0.5821, 0.5821, 0.5821, 0.5821, 0.5821, 0.5821, 0.5821,
         0.5821, 0.5821, 0.5821, 0.5821, 0.5821, 0.5821, 0.5821, 0.5821, 0.5821,
         0.5821, 0.5821, 0.5821, 0.5821, 0.5821, 0.5821, 0.5821, 0.5821, 0.5821,
         0.5821, 0.5821, 0.5821, 0.5821, 0.5821, 0.5821, 0.5821, 0.5821, 0.5821,
         0.5821, 0.5821, 0.5821, 0.5821, 0.5821, 0.5821, 0.5821, 0.5821, 0.5821,
         0.5821, 0.5821, 0.5821, 0.5821, 0.5821, 0.5821, 0.5821, 0.5821, 0.5821,
         0.5821, 0.5821, 0.5821, 0.5821, 0.5821, 0.5821, 0.5821, 0.5821, 0.5821,
         0.5821, 0.5821, 0.5821, 0.5821, 0.5821, 0.5821, 0.5821, 0.5821, 0.5821,
         0.5821, 0.5821, 0.5821, 0.5821, 0.5821, 0.5821, 0.5821, 0.5821, 0.5821,
         0.5821, 0.5821, 0.5821, 0.5821, 0.5821, 0.5821, 0.5821, 0.5821, 0.5821,
         0.5821, 0.5821, 0.5821, 0.5821, 0.5821, 0.5821, 0.5821, 0.5821, 0.5821,
         0.5821, 0.5821, 0.5821, 0.5821, 0.5821, 0.5821, 0.5821, 0.5821, 0.5821,
         0.5821, 0.5821, 0.5821, 0.5821, 0.5821, 0.5821, 0.5821, 0.5821, 0.5821,
         0.5821, 0.5821, 0.5821, 0.5821, 0.5821, 0.5821, 0.5821, 0.5821, 0.5821,
         0.5821, 0.5821, 0.5821, 0.5821, 0.5821, 0.5821, 0.5821, 0.5821, 0.5821,
         0.5821, 0.5821, 0.5821, 0.5821, 0.5821, 0.5821, 0.5821, 0.5821, 0.5821,
         0.5821, 0.5821, 0.5821, 0.5821, 0.5821, 0.5821, 0.5821, 0.5821, 0.5821,
         0.5821, 0.5821, 0.5821, 0.5821, 0.5821, 0.5821, 0.5821, 0.5821, 0.5821,
         0.5821, 0.5821, 0.5821, 0.5821, 0.5821, 0.5821, 0.5821, 0.5821, 0.5821,
         0.5821, 0.5821]])",,Label + diff+ labeldiff between studs,06.10.21 19:03,"[0.6490729451179504, 0.6541285514831543, 0.6518663763999939, 0.6512480974197388, 0.6493054032325745]",20.0,0.0002,,"[1.3014059732086025e-05, 1.0241256859444547e-05, 5.108320237923181e-06, 1.628033714951016e-05, 5.699308530893177e-05]"
68,200,"[Adam (
Parameter Group 0
    amsgrad: False
    betas: (0.9, 0.999)
    eps: 1e-08
    lr: 0.0002
    weight_decay: 0
), Adam (
Parameter Group 0
    amsgrad: False
    betas: (0.9, 0.999)
    eps: 1e-08
    lr: 0.0002
    weight_decay: 0
), Adam (
Parameter Group 0
    amsgrad: False
    betas: (0.9, 0.999)
    eps: 1e-08
    lr: 0.0002
    weight_decay: 0
), Adam (
Parameter Group 0
    amsgrad: False
    betas: (0.9, 0.999)
    eps: 1e-08
    lr: 0.0002
    weight_decay: 0
), Adam (
Parameter Group 0
    amsgrad: False
    betas: (0.9, 0.999)
    eps: 1e-08
    lr: 0.0002
    weight_decay: 0
)]",DML,,"tensor([[0.5205, 0.5205, 0.5205, 0.5205, 0.5205, 0.5205, 0.5205, 0.5205, 0.5205,
         0.5205, 0.5205, 0.5205, 0.5205, 0.5205, 0.5205, 0.5205, 0.5205, 0.5205,
         0.5205, 0.5205, 0.5205, 0.5205, 0.5205, 0.5205, 0.5205, 0.5205, 0.5205,
         0.5205, 0.5205, 0.5205, 0.5205, 0.5205, 0.5205, 0.5205, 0.5205, 0.5205,
         0.5205, 0.5205, 0.5205, 0.5205, 0.5205, 0.5205, 0.5205, 0.5205, 0.5205,
         0.5205, 0.5205, 0.5205, 0.5205, 0.5205, 0.5205, 0.5205, 0.5205, 0.5205,
         0.5205, 0.5205, 0.5205, 0.5205, 0.5205, 0.5205, 0.5205, 0.5205, 0.5205,
         0.5205, 0.5205, 0.5205, 0.5205, 0.5205, 0.5205, 0.5205, 0.5205, 0.5205,
         0.5205, 0.5205, 0.5205, 0.5205, 0.5205, 0.5205, 0.5205, 0.5205, 0.5205,
         0.5205, 0.5205, 0.5205, 0.5205, 0.5205, 0.5205, 0.5205, 0.5205, 0.5205,
         0.5205, 0.5205, 0.5205, 0.5205, 0.5205, 0.5205, 0.5205, 0.5205, 0.5205,
         0.5205, 0.5205, 0.5205, 0.5205, 0.5205, 0.5205, 0.5205, 0.5205, 0.5205,
         0.5205, 0.5205, 0.5205, 0.5205, 0.5205, 0.5205, 0.5205, 0.5205, 0.5205,
         0.5205, 0.5205, 0.5205, 0.5205, 0.5205, 0.5205, 0.5205, 0.5205, 0.5205,
         0.5205, 0.5205, 0.5205, 0.5205, 0.5205, 0.5205, 0.5205, 0.5205, 0.5205,
         0.5205, 0.5205, 0.5205, 0.5205, 0.5205, 0.5205, 0.5205, 0.5205, 0.5205,
         0.5205, 0.5205, 0.5205, 0.5205, 0.5205, 0.5205, 0.5205, 0.5205, 0.5205,
         0.5205, 0.5205, 0.5205, 0.5205, 0.5205, 0.5205, 0.5205, 0.5205, 0.5205,
         0.5205, 0.5205, 0.5205, 0.5205, 0.5205, 0.5205, 0.5205, 0.5205, 0.5205,
         0.5205, 0.5205, 0.5205, 0.5205, 0.5205, 0.5205, 0.5205, 0.5205, 0.5205,
         0.5205, 0.5205, 0.5205, 0.5205, 0.5205, 0.5205, 0.5205, 0.5205, 0.5205,
         0.5205, 0.5205, 0.5205, 0.5205, 0.5205, 0.5205, 0.5205, 0.5205, 0.5205,
         0.5205, 0.5205],
        [0.5205, 0.5205, 0.5205, 0.5205, 0.5205, 0.5205, 0.5205, 0.5205, 0.5205,
         0.5205, 0.5205, 0.5205, 0.5205, 0.5205, 0.5205, 0.5205, 0.5205, 0.5205,
         0.5205, 0.5205, 0.5205, 0.5205, 0.5205, 0.5205, 0.5205, 0.5205, 0.5205,
         0.5205, 0.5205, 0.5205, 0.5205, 0.5205, 0.5205, 0.5205, 0.5205, 0.5205,
         0.5205, 0.5205, 0.5205, 0.5205, 0.5205, 0.5205, 0.5205, 0.5205, 0.5205,
         0.5205, 0.5205, 0.5205, 0.5205, 0.5205, 0.5205, 0.5205, 0.5205, 0.5205,
         0.5205, 0.5205, 0.5205, 0.5205, 0.5205, 0.5205, 0.5205, 0.5205, 0.5205,
         0.5205, 0.5205, 0.5205, 0.5205, 0.5205, 0.5205, 0.5205, 0.5205, 0.5205,
         0.5205, 0.5205, 0.5205, 0.5205, 0.5205, 0.5205, 0.5205, 0.5205, 0.5205,
         0.5205, 0.5205, 0.5205, 0.5205, 0.5205, 0.5205, 0.5205, 0.5205, 0.5205,
         0.5205, 0.5205, 0.5205, 0.5205, 0.5205, 0.5205, 0.5205, 0.5205, 0.5205,
         0.5205, 0.5205, 0.5205, 0.5205, 0.5205, 0.5205, 0.5205, 0.5205, 0.5205,
         0.5205, 0.5205, 0.5205, 0.5205, 0.5205, 0.5205, 0.5205, 0.5205, 0.5205,
         0.5205, 0.5205, 0.5205, 0.5205, 0.5205, 0.5205, 0.5205, 0.5205, 0.5205,
         0.5205, 0.5205, 0.5205, 0.5205, 0.5205, 0.5205, 0.5205, 0.5205, 0.5205,
         0.5205, 0.5205, 0.5205, 0.5205, 0.5205, 0.5205, 0.5205, 0.5205, 0.5205,
         0.5205, 0.5205, 0.5205, 0.5205, 0.5205, 0.5205, 0.5205, 0.5205, 0.5205,
         0.5205, 0.5205, 0.5205, 0.5205, 0.5205, 0.5205, 0.5205, 0.5205, 0.5205,
         0.5205, 0.5205, 0.5205, 0.5205, 0.5205, 0.5205, 0.5205, 0.5205, 0.5205,
         0.5205, 0.5205, 0.5205, 0.5205, 0.5205, 0.5205, 0.5205, 0.5205, 0.5205,
         0.5205, 0.5205, 0.5205, 0.5205, 0.5205, 0.5205, 0.5205, 0.5205, 0.5205,
         0.5205, 0.5205, 0.5205, 0.5205, 0.5205, 0.5205, 0.5205, 0.5205, 0.5205,
         0.5205, 0.5205],
        [0.5205, 0.5205, 0.5205, 0.5205, 0.5205, 0.5205, 0.5205, 0.5205, 0.5205,
         0.5205, 0.5205, 0.5205, 0.5205, 0.5205, 0.5205, 0.5205, 0.5205, 0.5205,
         0.5205, 0.5205, 0.5205, 0.5205, 0.5205, 0.5205, 0.5205, 0.5205, 0.5205,
         0.5205, 0.5205, 0.5205, 0.5205, 0.5205, 0.5205, 0.5205, 0.5205, 0.5205,
         0.5205, 0.5205, 0.5205, 0.5205, 0.5205, 0.5205, 0.5205, 0.5205, 0.5205,
         0.5205, 0.5205, 0.5205, 0.5205, 0.5205, 0.5205, 0.5205, 0.5205, 0.5205,
         0.5205, 0.5205, 0.5205, 0.5205, 0.5205, 0.5205, 0.5205, 0.5205, 0.5205,
         0.5205, 0.5205, 0.5205, 0.5205, 0.5205, 0.5205, 0.5205, 0.5205, 0.5205,
         0.5205, 0.5205, 0.5205, 0.5205, 0.5205, 0.5205, 0.5205, 0.5205, 0.5205,
         0.5205, 0.5205, 0.5205, 0.5205, 0.5205, 0.5205, 0.5205, 0.5205, 0.5205,
         0.5205, 0.5205, 0.5205, 0.5205, 0.5205, 0.5205, 0.5205, 0.5205, 0.5205,
         0.5205, 0.5205, 0.5205, 0.5205, 0.5205, 0.5205, 0.5205, 0.5205, 0.5205,
         0.5205, 0.5205, 0.5205, 0.5205, 0.5205, 0.5205, 0.5205, 0.5205, 0.5205,
         0.5205, 0.5205, 0.5205, 0.5205, 0.5205, 0.5205, 0.5205, 0.5205, 0.5205,
         0.5205, 0.5205, 0.5205, 0.5205, 0.5205, 0.5205, 0.5205, 0.5205, 0.5205,
         0.5205, 0.5205, 0.5205, 0.5205, 0.5205, 0.5205, 0.5205, 0.5205, 0.5205,
         0.5205, 0.5205, 0.5205, 0.5205, 0.5205, 0.5205, 0.5205, 0.5205, 0.5205,
         0.5205, 0.5205, 0.5205, 0.5205, 0.5205, 0.5205, 0.5205, 0.5205, 0.5205,
         0.5205, 0.5205, 0.5205, 0.5205, 0.5205, 0.5205, 0.5205, 0.5205, 0.5205,
         0.5205, 0.5205, 0.5205, 0.5205, 0.5205, 0.5205, 0.5205, 0.5205, 0.5205,
         0.5205, 0.5205, 0.5205, 0.5205, 0.5205, 0.5205, 0.5205, 0.5205, 0.5205,
         0.5205, 0.5205, 0.5205, 0.5205, 0.5205, 0.5205, 0.5205, 0.5205, 0.5205,
         0.5205, 0.5205],
        [0.5205, 0.5205, 0.5205, 0.5205, 0.5205, 0.5205, 0.5205, 0.5205, 0.5205,
         0.5205, 0.5205, 0.5205, 0.5205, 0.5205, 0.5205, 0.5205, 0.5205, 0.5205,
         0.5205, 0.5205, 0.5205, 0.5205, 0.5205, 0.5205, 0.5205, 0.5205, 0.5205,
         0.5205, 0.5205, 0.5205, 0.5205, 0.5205, 0.5205, 0.5205, 0.5205, 0.5205,
         0.5205, 0.5205, 0.5205, 0.5205, 0.5205, 0.5205, 0.5205, 0.5205, 0.5205,
         0.5205, 0.5205, 0.5205, 0.5205, 0.5205, 0.5205, 0.5205, 0.5205, 0.5205,
         0.5205, 0.5205, 0.5205, 0.5205, 0.5205, 0.5205, 0.5205, 0.5205, 0.5205,
         0.5205, 0.5205, 0.5205, 0.5205, 0.5205, 0.5205, 0.5205, 0.5205, 0.5205,
         0.5205, 0.5205, 0.5205, 0.5205, 0.5205, 0.5205, 0.5205, 0.5205, 0.5205,
         0.5205, 0.5205, 0.5205, 0.5205, 0.5205, 0.5205, 0.5205, 0.5205, 0.5205,
         0.5205, 0.5205, 0.5205, 0.5205, 0.5205, 0.5205, 0.5205, 0.5205, 0.5205,
         0.5205, 0.5205, 0.5205, 0.5205, 0.5205, 0.5205, 0.5205, 0.5205, 0.5205,
         0.5205, 0.5205, 0.5205, 0.5205, 0.5205, 0.5205, 0.5205, 0.5205, 0.5205,
         0.5205, 0.5205, 0.5205, 0.5205, 0.5205, 0.5205, 0.5205, 0.5205, 0.5205,
         0.5205, 0.5205, 0.5205, 0.5205, 0.5205, 0.5205, 0.5205, 0.5205, 0.5205,
         0.5205, 0.5205, 0.5205, 0.5205, 0.5205, 0.5205, 0.5205, 0.5205, 0.5205,
         0.5205, 0.5205, 0.5205, 0.5205, 0.5205, 0.5205, 0.5205, 0.5205, 0.5205,
         0.5205, 0.5205, 0.5205, 0.5205, 0.5205, 0.5205, 0.5205, 0.5205, 0.5205,
         0.5205, 0.5205, 0.5205, 0.5205, 0.5205, 0.5205, 0.5205, 0.5205, 0.5205,
         0.5205, 0.5205, 0.5205, 0.5205, 0.5205, 0.5205, 0.5205, 0.5205, 0.5205,
         0.5205, 0.5205, 0.5205, 0.5205, 0.5205, 0.5205, 0.5205, 0.5205, 0.5205,
         0.5205, 0.5205, 0.5205, 0.5205, 0.5205, 0.5205, 0.5205, 0.5205, 0.5205,
         0.5205, 0.5205],
        [0.5205, 0.5205, 0.5205, 0.5205, 0.5205, 0.5205, 0.5205, 0.5205, 0.5205,
         0.5205, 0.5205, 0.5205, 0.5205, 0.5205, 0.5205, 0.5205, 0.5205, 0.5205,
         0.5205, 0.5205, 0.5205, 0.5205, 0.5205, 0.5205, 0.5205, 0.5205, 0.5205,
         0.5205, 0.5205, 0.5205, 0.5205, 0.5205, 0.5205, 0.5205, 0.5205, 0.5205,
         0.5205, 0.5205, 0.5205, 0.5205, 0.5205, 0.5205, 0.5205, 0.5205, 0.5205,
         0.5205, 0.5205, 0.5205, 0.5205, 0.5205, 0.5205, 0.5205, 0.5205, 0.5205,
         0.5205, 0.5205, 0.5205, 0.5205, 0.5205, 0.5205, 0.5205, 0.5205, 0.5205,
         0.5205, 0.5205, 0.5205, 0.5205, 0.5205, 0.5205, 0.5205, 0.5205, 0.5205,
         0.5205, 0.5205, 0.5205, 0.5205, 0.5205, 0.5205, 0.5205, 0.5205, 0.5205,
         0.5205, 0.5205, 0.5205, 0.5205, 0.5205, 0.5205, 0.5205, 0.5205, 0.5205,
         0.5205, 0.5205, 0.5205, 0.5205, 0.5205, 0.5205, 0.5205, 0.5205, 0.5205,
         0.5205, 0.5205, 0.5205, 0.5205, 0.5205, 0.5205, 0.5205, 0.5205, 0.5205,
         0.5205, 0.5205, 0.5205, 0.5205, 0.5205, 0.5205, 0.5205, 0.5205, 0.5205,
         0.5205, 0.5205, 0.5205, 0.5205, 0.5205, 0.5205, 0.5205, 0.5205, 0.5205,
         0.5205, 0.5205, 0.5205, 0.5205, 0.5205, 0.5205, 0.5205, 0.5205, 0.5205,
         0.5205, 0.5205, 0.5205, 0.5205, 0.5205, 0.5205, 0.5205, 0.5205, 0.5205,
         0.5205, 0.5205, 0.5205, 0.5205, 0.5205, 0.5205, 0.5205, 0.5205, 0.5205,
         0.5205, 0.5205, 0.5205, 0.5205, 0.5205, 0.5205, 0.5205, 0.5205, 0.5205,
         0.5205, 0.5205, 0.5205, 0.5205, 0.5205, 0.5205, 0.5205, 0.5205, 0.5205,
         0.5205, 0.5205, 0.5205, 0.5205, 0.5205, 0.5205, 0.5205, 0.5205, 0.5205,
         0.5205, 0.5205, 0.5205, 0.5205, 0.5205, 0.5205, 0.5205, 0.5205, 0.5205,
         0.5205, 0.5205, 0.5205, 0.5205, 0.5205, 0.5205, 0.5205, 0.5205, 0.5205,
         0.5205, 0.5205]])",,Label + diff+ labeldiff between studs,07.10.21 15:42,"[0.5824353694915771, 0.5864898562431335, 0.5914249420166016, 0.5834836959838867, 0.5869154930114746]",20.0,0.0002,,"[1.1350692147971131e-05, 1.508844525233144e-05, 9.336081348010339e-06, 6.203060820553219e-06, 6.60534306007321e-06]"
69,100,"Adam (
Parameter Group 0
    amsgrad: False
    betas: (0.9, 0.999)
    eps: 1e-08
    lr: 0.0002
    weight_decay: 0
)",Knowledge Compression,,tensor(0.5460),,"tensor(0.4466, device='cuda:0', grad_fn=<AddBackward0>)",07.10.21 17:22,0.5984309315681458,20.0,0.0002,One Hot for MSE + Scale_Factr=4*64,
70,100,"Adam (
Parameter Group 0
    amsgrad: False
    betas: (0.9, 0.999)
    eps: 1e-08
    lr: 0.0002
    weight_decay: 0
)",Knowledge Compression,,tensor(0.5460),,"tensor(0.4467, device='cuda:0', grad_fn=<AddBackward0>)",07.10.21 18:18,0.594113826751709,20.0,0.0002,One Hot for MSE + Scale_Factr=4*64,
71,100,"Adam (
Parameter Group 0
    amsgrad: False
    betas: (0.9, 0.999)
    eps: 1e-08
    lr: 0.0002
    weight_decay: 0
)",Knowledge Compression,,tensor(0.5460),,"tensor(0.4385, device='cuda:0', grad_fn=<AddBackward0>)",07.10.21 20:08,0.5880220532417297,20.0,0.0002,One Hot for MSE + Scale_Factr=4*64 + alpha=0.5,
72,100,"Adam (
Parameter Group 0
    amsgrad: False
    betas: (0.9, 0.999)
    eps: 1e-08
    lr: 0.0002
    weight_decay: 0
)",Knowledge Compression,,tensor(0.2475),,"tensor(0.4413, device='cuda:0', grad_fn=<AddBackward0>)",13.10.21 13:43,0.37598222494125366,20.0,0.0002,One Hot for MSE + Scale_Factr=4*64 + dataset3,
73,100,"Adam (
Parameter Group 0
    amsgrad: False
    betas: (0.9, 0.999)
    eps: 1e-08
    lr: 0.0002
    weight_decay: 0
)",Knowledge Compression,,tensor(0.2475),,"tensor(0.5158, device='cuda:0', grad_fn=<AddBackward0>)",13.10.21 16:13,0.39013558626174927,20.0,0.0002,One Hot for MSE + Scale_Factr=4*64 + dataset3,
74,100,"Adam (
Parameter Group 0
    amsgrad: False
    betas: (0.9, 0.999)
    eps: 1e-08
    lr: 0.0002
    weight_decay: 0
)",Knowledge Compression,,tensor(0.2475),,"tensor(0.4876, device='cuda:0', grad_fn=<AddBackward0>)",13.10.21 21:30,0.3846285939216614,20.0,0.0002,One Hot for MSE + Scale_Factr=4*64 + alpha=0.5 + dataset3,
75,200,"[Adam (
Parameter Group 0
    amsgrad: False
    betas: (0.9, 0.999)
    eps: 1e-08
    lr: 0.0002
    weight_decay: 0
), Adam (
Parameter Group 0
    amsgrad: False
    betas: (0.9, 0.999)
    eps: 1e-08
    lr: 0.0002
    weight_decay: 0
), Adam (
Parameter Group 0
    amsgrad: False
    betas: (0.9, 0.999)
    eps: 1e-08
    lr: 0.0002
    weight_decay: 0
), Adam (
Parameter Group 0
    amsgrad: False
    betas: (0.9, 0.999)
    eps: 1e-08
    lr: 0.0002
    weight_decay: 0
), Adam (
Parameter Group 0
    amsgrad: False
    betas: (0.9, 0.999)
    eps: 1e-08
    lr: 0.0002
    weight_decay: 0
)]",DML,,"tensor([[0.2650, 0.2650, 0.2650, 0.2650, 0.2650, 0.2650, 0.2650, 0.2650, 0.2650,
         0.2650, 0.2650, 0.2650, 0.2650, 0.2650, 0.2650, 0.2650, 0.2650, 0.2650,
         0.2650, 0.2650, 0.2650, 0.2650, 0.2650, 0.2650, 0.2650, 0.2650, 0.2650,
         0.2650, 0.2650, 0.2650, 0.2650, 0.2650, 0.2650, 0.2650, 0.2650, 0.2650,
         0.2650, 0.2650, 0.2650, 0.2650, 0.2650, 0.2650, 0.2650, 0.2650, 0.2650,
         0.2650, 0.2650, 0.2650, 0.2650, 0.2650, 0.2650, 0.2650, 0.2650, 0.2650,
         0.2650, 0.2650, 0.2650, 0.2650, 0.2650, 0.2650, 0.2650, 0.2650, 0.2650,
         0.2650, 0.2650, 0.2650, 0.2650, 0.2650, 0.2650, 0.2650, 0.2650, 0.2650,
         0.2650, 0.2650, 0.2650, 0.2650, 0.2650, 0.2650, 0.2650, 0.2650, 0.2650,
         0.2650, 0.2650, 0.2650, 0.2650, 0.2650, 0.2650, 0.2650, 0.2650, 0.2650,
         0.2650, 0.2650, 0.2650, 0.2650, 0.2650, 0.2650, 0.2650, 0.2650, 0.2650,
         0.2650, 0.2650, 0.2650, 0.2650, 0.2650, 0.2650, 0.2650, 0.2650, 0.2650,
         0.2650, 0.2650, 0.2650, 0.2650, 0.2650, 0.2650, 0.2650, 0.2650, 0.2650,
         0.2650, 0.2650, 0.2650, 0.2650, 0.2650, 0.2650, 0.2650, 0.2650, 0.2650,
         0.2650, 0.2650, 0.2650, 0.2650, 0.2650, 0.2650, 0.2650, 0.2650, 0.2650,
         0.2650, 0.2650, 0.2650, 0.2650, 0.2650, 0.2650, 0.2650, 0.2650, 0.2650,
         0.2650, 0.2650, 0.2650, 0.2650, 0.2650, 0.2650, 0.2650, 0.2650, 0.2650,
         0.2650, 0.2650, 0.2650, 0.2650, 0.2650, 0.2650, 0.2650, 0.2650, 0.2650,
         0.2650, 0.2650, 0.2650, 0.2650, 0.2650, 0.2650, 0.2650, 0.2650, 0.2650,
         0.2650, 0.2650, 0.2650, 0.2650, 0.2650, 0.2650, 0.2650, 0.2650, 0.2650,
         0.2650, 0.2650, 0.2650, 0.2650, 0.2650, 0.2650, 0.2650, 0.2650, 0.2650,
         0.2650, 0.2650, 0.2650, 0.2650, 0.2650, 0.2650, 0.2650, 0.2650, 0.2650,
         0.2650, 0.2650],
        [0.2650, 0.2650, 0.2650, 0.2650, 0.2650, 0.2650, 0.2650, 0.2650, 0.2650,
         0.2650, 0.2650, 0.2650, 0.2650, 0.2650, 0.2650, 0.2650, 0.2650, 0.2650,
         0.2650, 0.2650, 0.2650, 0.2650, 0.2650, 0.2650, 0.2650, 0.2650, 0.2650,
         0.2650, 0.2650, 0.2650, 0.2650, 0.2650, 0.2650, 0.2650, 0.2650, 0.2650,
         0.2650, 0.2650, 0.2650, 0.2650, 0.2650, 0.2650, 0.2650, 0.2650, 0.2650,
         0.2650, 0.2650, 0.2650, 0.2650, 0.2650, 0.2650, 0.2650, 0.2650, 0.2650,
         0.2650, 0.2650, 0.2650, 0.2650, 0.2650, 0.2650, 0.2650, 0.2650, 0.2650,
         0.2650, 0.2650, 0.2650, 0.2650, 0.2650, 0.2650, 0.2650, 0.2650, 0.2650,
         0.2650, 0.2650, 0.2650, 0.2650, 0.2650, 0.2650, 0.2650, 0.2650, 0.2650,
         0.2650, 0.2650, 0.2650, 0.2650, 0.2650, 0.2650, 0.2650, 0.2650, 0.2650,
         0.2650, 0.2650, 0.2650, 0.2650, 0.2650, 0.2650, 0.2650, 0.2650, 0.2650,
         0.2650, 0.2650, 0.2650, 0.2650, 0.2650, 0.2650, 0.2650, 0.2650, 0.2650,
         0.2650, 0.2650, 0.2650, 0.2650, 0.2650, 0.2650, 0.2650, 0.2650, 0.2650,
         0.2650, 0.2650, 0.2650, 0.2650, 0.2650, 0.2650, 0.2650, 0.2650, 0.2650,
         0.2650, 0.2650, 0.2650, 0.2650, 0.2650, 0.2650, 0.2650, 0.2650, 0.2650,
         0.2650, 0.2650, 0.2650, 0.2650, 0.2650, 0.2650, 0.2650, 0.2650, 0.2650,
         0.2650, 0.2650, 0.2650, 0.2650, 0.2650, 0.2650, 0.2650, 0.2650, 0.2650,
         0.2650, 0.2650, 0.2650, 0.2650, 0.2650, 0.2650, 0.2650, 0.2650, 0.2650,
         0.2650, 0.2650, 0.2650, 0.2650, 0.2650, 0.2650, 0.2650, 0.2650, 0.2650,
         0.2650, 0.2650, 0.2650, 0.2650, 0.2650, 0.2650, 0.2650, 0.2650, 0.2650,
         0.2650, 0.2650, 0.2650, 0.2650, 0.2650, 0.2650, 0.2650, 0.2650, 0.2650,
         0.2650, 0.2650, 0.2650, 0.2650, 0.2650, 0.2650, 0.2650, 0.2650, 0.2650,
         0.2650, 0.2650],
        [0.2650, 0.2650, 0.2650, 0.2650, 0.2650, 0.2650, 0.2650, 0.2650, 0.2650,
         0.2650, 0.2650, 0.2650, 0.2650, 0.2650, 0.2650, 0.2650, 0.2650, 0.2650,
         0.2650, 0.2650, 0.2650, 0.2650, 0.2650, 0.2650, 0.2650, 0.2650, 0.2650,
         0.2650, 0.2650, 0.2650, 0.2650, 0.2650, 0.2650, 0.2650, 0.2650, 0.2650,
         0.2650, 0.2650, 0.2650, 0.2650, 0.2650, 0.2650, 0.2650, 0.2650, 0.2650,
         0.2650, 0.2650, 0.2650, 0.2650, 0.2650, 0.2650, 0.2650, 0.2650, 0.2650,
         0.2650, 0.2650, 0.2650, 0.2650, 0.2650, 0.2650, 0.2650, 0.2650, 0.2650,
         0.2650, 0.2650, 0.2650, 0.2650, 0.2650, 0.2650, 0.2650, 0.2650, 0.2650,
         0.2650, 0.2650, 0.2650, 0.2650, 0.2650, 0.2650, 0.2650, 0.2650, 0.2650,
         0.2650, 0.2650, 0.2650, 0.2650, 0.2650, 0.2650, 0.2650, 0.2650, 0.2650,
         0.2650, 0.2650, 0.2650, 0.2650, 0.2650, 0.2650, 0.2650, 0.2650, 0.2650,
         0.2650, 0.2650, 0.2650, 0.2650, 0.2650, 0.2650, 0.2650, 0.2650, 0.2650,
         0.2650, 0.2650, 0.2650, 0.2650, 0.2650, 0.2650, 0.2650, 0.2650, 0.2650,
         0.2650, 0.2650, 0.2650, 0.2650, 0.2650, 0.2650, 0.2650, 0.2650, 0.2650,
         0.2650, 0.2650, 0.2650, 0.2650, 0.2650, 0.2650, 0.2650, 0.2650, 0.2650,
         0.2650, 0.2650, 0.2650, 0.2650, 0.2650, 0.2650, 0.2650, 0.2650, 0.2650,
         0.2650, 0.2650, 0.2650, 0.2650, 0.2650, 0.2650, 0.2650, 0.2650, 0.2650,
         0.2650, 0.2650, 0.2650, 0.2650, 0.2650, 0.2650, 0.2650, 0.2650, 0.2650,
         0.2650, 0.2650, 0.2650, 0.2650, 0.2650, 0.2650, 0.2650, 0.2650, 0.2650,
         0.2650, 0.2650, 0.2650, 0.2650, 0.2650, 0.2650, 0.2650, 0.2650, 0.2650,
         0.2650, 0.2650, 0.2650, 0.2650, 0.2650, 0.2650, 0.2650, 0.2650, 0.2650,
         0.2650, 0.2650, 0.2650, 0.2650, 0.2650, 0.2650, 0.2650, 0.2650, 0.2650,
         0.2650, 0.2650],
        [0.2650, 0.2650, 0.2650, 0.2650, 0.2650, 0.2650, 0.2650, 0.2650, 0.2650,
         0.2650, 0.2650, 0.2650, 0.2650, 0.2650, 0.2650, 0.2650, 0.2650, 0.2650,
         0.2650, 0.2650, 0.2650, 0.2650, 0.2650, 0.2650, 0.2650, 0.2650, 0.2650,
         0.2650, 0.2650, 0.2650, 0.2650, 0.2650, 0.2650, 0.2650, 0.2650, 0.2650,
         0.2650, 0.2650, 0.2650, 0.2650, 0.2650, 0.2650, 0.2650, 0.2650, 0.2650,
         0.2650, 0.2650, 0.2650, 0.2650, 0.2650, 0.2650, 0.2650, 0.2650, 0.2650,
         0.2650, 0.2650, 0.2650, 0.2650, 0.2650, 0.2650, 0.2650, 0.2650, 0.2650,
         0.2650, 0.2650, 0.2650, 0.2650, 0.2650, 0.2650, 0.2650, 0.2650, 0.2650,
         0.2650, 0.2650, 0.2650, 0.2650, 0.2650, 0.2650, 0.2650, 0.2650, 0.2650,
         0.2650, 0.2650, 0.2650, 0.2650, 0.2650, 0.2650, 0.2650, 0.2650, 0.2650,
         0.2650, 0.2650, 0.2650, 0.2650, 0.2650, 0.2650, 0.2650, 0.2650, 0.2650,
         0.2650, 0.2650, 0.2650, 0.2650, 0.2650, 0.2650, 0.2650, 0.2650, 0.2650,
         0.2650, 0.2650, 0.2650, 0.2650, 0.2650, 0.2650, 0.2650, 0.2650, 0.2650,
         0.2650, 0.2650, 0.2650, 0.2650, 0.2650, 0.2650, 0.2650, 0.2650, 0.2650,
         0.2650, 0.2650, 0.2650, 0.2650, 0.2650, 0.2650, 0.2650, 0.2650, 0.2650,
         0.2650, 0.2650, 0.2650, 0.2650, 0.2650, 0.2650, 0.2650, 0.2650, 0.2650,
         0.2650, 0.2650, 0.2650, 0.2650, 0.2650, 0.2650, 0.2650, 0.2650, 0.2650,
         0.2650, 0.2650, 0.2650, 0.2650, 0.2650, 0.2650, 0.2650, 0.2650, 0.2650,
         0.2650, 0.2650, 0.2650, 0.2650, 0.2650, 0.2650, 0.2650, 0.2650, 0.2650,
         0.2650, 0.2650, 0.2650, 0.2650, 0.2650, 0.2650, 0.2650, 0.2650, 0.2650,
         0.2650, 0.2650, 0.2650, 0.2650, 0.2650, 0.2650, 0.2650, 0.2650, 0.2650,
         0.2650, 0.2650, 0.2650, 0.2650, 0.2650, 0.2650, 0.2650, 0.2650, 0.2650,
         0.2650, 0.2650],
        [0.2650, 0.2650, 0.2650, 0.2650, 0.2650, 0.2650, 0.2650, 0.2650, 0.2650,
         0.2650, 0.2650, 0.2650, 0.2650, 0.2650, 0.2650, 0.2650, 0.2650, 0.2650,
         0.2650, 0.2650, 0.2650, 0.2650, 0.2650, 0.2650, 0.2650, 0.2650, 0.2650,
         0.2650, 0.2650, 0.2650, 0.2650, 0.2650, 0.2650, 0.2650, 0.2650, 0.2650,
         0.2650, 0.2650, 0.2650, 0.2650, 0.2650, 0.2650, 0.2650, 0.2650, 0.2650,
         0.2650, 0.2650, 0.2650, 0.2650, 0.2650, 0.2650, 0.2650, 0.2650, 0.2650,
         0.2650, 0.2650, 0.2650, 0.2650, 0.2650, 0.2650, 0.2650, 0.2650, 0.2650,
         0.2650, 0.2650, 0.2650, 0.2650, 0.2650, 0.2650, 0.2650, 0.2650, 0.2650,
         0.2650, 0.2650, 0.2650, 0.2650, 0.2650, 0.2650, 0.2650, 0.2650, 0.2650,
         0.2650, 0.2650, 0.2650, 0.2650, 0.2650, 0.2650, 0.2650, 0.2650, 0.2650,
         0.2650, 0.2650, 0.2650, 0.2650, 0.2650, 0.2650, 0.2650, 0.2650, 0.2650,
         0.2650, 0.2650, 0.2650, 0.2650, 0.2650, 0.2650, 0.2650, 0.2650, 0.2650,
         0.2650, 0.2650, 0.2650, 0.2650, 0.2650, 0.2650, 0.2650, 0.2650, 0.2650,
         0.2650, 0.2650, 0.2650, 0.2650, 0.2650, 0.2650, 0.2650, 0.2650, 0.2650,
         0.2650, 0.2650, 0.2650, 0.2650, 0.2650, 0.2650, 0.2650, 0.2650, 0.2650,
         0.2650, 0.2650, 0.2650, 0.2650, 0.2650, 0.2650, 0.2650, 0.2650, 0.2650,
         0.2650, 0.2650, 0.2650, 0.2650, 0.2650, 0.2650, 0.2650, 0.2650, 0.2650,
         0.2650, 0.2650, 0.2650, 0.2650, 0.2650, 0.2650, 0.2650, 0.2650, 0.2650,
         0.2650, 0.2650, 0.2650, 0.2650, 0.2650, 0.2650, 0.2650, 0.2650, 0.2650,
         0.2650, 0.2650, 0.2650, 0.2650, 0.2650, 0.2650, 0.2650, 0.2650, 0.2650,
         0.2650, 0.2650, 0.2650, 0.2650, 0.2650, 0.2650, 0.2650, 0.2650, 0.2650,
         0.2650, 0.2650, 0.2650, 0.2650, 0.2650, 0.2650, 0.2650, 0.2650, 0.2650,
         0.2650, 0.2650]])",,Label + diff+ labeldiff between studs,14.10.21 16:40,"[0.4411724805831909, 0.4429812729358673, 0.4477943181991577, 0.4454480707645416, 0.4490956962108612]",20.0,0.0002,Dataset 3,"[0.00011411956802476197, 8.711264672456309e-05, 7.821583130862564e-05, 0.00012382749991957098, 8.313767466461286e-05]"
76,100,"[Adam (
Parameter Group 0
    amsgrad: False
    betas: (0.9, 0.999)
    eps: 1e-08
    lr: 0.0002
    weight_decay: 0
), Adam (
Parameter Group 0
    amsgrad: False
    betas: (0.9, 0.999)
    eps: 1e-08
    lr: 0.0002
    weight_decay: 0
), Adam (
Parameter Group 0
    amsgrad: False
    betas: (0.9, 0.999)
    eps: 1e-08
    lr: 0.0002
    weight_decay: 0
), Adam (
Parameter Group 0
    amsgrad: False
    betas: (0.9, 0.999)
    eps: 1e-08
    lr: 0.0002
    weight_decay: 0
), Adam (
Parameter Group 0
    amsgrad: False
    betas: (0.9, 0.999)
    eps: 1e-08
    lr: 0.0002
    weight_decay: 0
)]",DML,,"tensor([[0.2718, 0.2718, 0.2718, 0.2718, 0.2718, 0.2718, 0.2718, 0.2718, 0.2718,
         0.2718, 0.2718, 0.2718, 0.2718, 0.2718, 0.2718, 0.2718, 0.2718, 0.2718,
         0.2718, 0.2718, 0.2718, 0.2718, 0.2718, 0.2718, 0.2718, 0.2718, 0.2718,
         0.2718, 0.2718, 0.2718, 0.2718, 0.2718, 0.2718, 0.2718, 0.2718, 0.2718,
         0.2718, 0.2718, 0.2718, 0.2718, 0.2718, 0.2718, 0.2718, 0.2718, 0.2718,
         0.2718, 0.2718, 0.2718, 0.2718, 0.2718, 0.2718, 0.2718, 0.2718, 0.2718,
         0.2718, 0.2718, 0.2718, 0.2718, 0.2718, 0.2718, 0.2718, 0.2718, 0.2718,
         0.2718, 0.2718, 0.2718, 0.2718, 0.2718, 0.2718, 0.2718, 0.2718, 0.2718,
         0.2718, 0.2718, 0.2718, 0.2718, 0.2718, 0.2718, 0.2718, 0.2718, 0.2718,
         0.2718, 0.2718, 0.2718, 0.2718, 0.2718, 0.2718, 0.2718, 0.2718, 0.2718,
         0.2718, 0.2718, 0.2718, 0.2718, 0.2718, 0.2718, 0.2718, 0.2718, 0.2718,
         0.2718],
        [0.2718, 0.2718, 0.2718, 0.2718, 0.2718, 0.2718, 0.2718, 0.2718, 0.2718,
         0.2718, 0.2718, 0.2718, 0.2718, 0.2718, 0.2718, 0.2718, 0.2718, 0.2718,
         0.2718, 0.2718, 0.2718, 0.2718, 0.2718, 0.2718, 0.2718, 0.2718, 0.2718,
         0.2718, 0.2718, 0.2718, 0.2718, 0.2718, 0.2718, 0.2718, 0.2718, 0.2718,
         0.2718, 0.2718, 0.2718, 0.2718, 0.2718, 0.2718, 0.2718, 0.2718, 0.2718,
         0.2718, 0.2718, 0.2718, 0.2718, 0.2718, 0.2718, 0.2718, 0.2718, 0.2718,
         0.2718, 0.2718, 0.2718, 0.2718, 0.2718, 0.2718, 0.2718, 0.2718, 0.2718,
         0.2718, 0.2718, 0.2718, 0.2718, 0.2718, 0.2718, 0.2718, 0.2718, 0.2718,
         0.2718, 0.2718, 0.2718, 0.2718, 0.2718, 0.2718, 0.2718, 0.2718, 0.2718,
         0.2718, 0.2718, 0.2718, 0.2718, 0.2718, 0.2718, 0.2718, 0.2718, 0.2718,
         0.2718, 0.2718, 0.2718, 0.2718, 0.2718, 0.2718, 0.2718, 0.2718, 0.2718,
         0.2718],
        [0.2718, 0.2718, 0.2718, 0.2718, 0.2718, 0.2718, 0.2718, 0.2718, 0.2718,
         0.2718, 0.2718, 0.2718, 0.2718, 0.2718, 0.2718, 0.2718, 0.2718, 0.2718,
         0.2718, 0.2718, 0.2718, 0.2718, 0.2718, 0.2718, 0.2718, 0.2718, 0.2718,
         0.2718, 0.2718, 0.2718, 0.2718, 0.2718, 0.2718, 0.2718, 0.2718, 0.2718,
         0.2718, 0.2718, 0.2718, 0.2718, 0.2718, 0.2718, 0.2718, 0.2718, 0.2718,
         0.2718, 0.2718, 0.2718, 0.2718, 0.2718, 0.2718, 0.2718, 0.2718, 0.2718,
         0.2718, 0.2718, 0.2718, 0.2718, 0.2718, 0.2718, 0.2718, 0.2718, 0.2718,
         0.2718, 0.2718, 0.2718, 0.2718, 0.2718, 0.2718, 0.2718, 0.2718, 0.2718,
         0.2718, 0.2718, 0.2718, 0.2718, 0.2718, 0.2718, 0.2718, 0.2718, 0.2718,
         0.2718, 0.2718, 0.2718, 0.2718, 0.2718, 0.2718, 0.2718, 0.2718, 0.2718,
         0.2718, 0.2718, 0.2718, 0.2718, 0.2718, 0.2718, 0.2718, 0.2718, 0.2718,
         0.2718],
        [0.2718, 0.2718, 0.2718, 0.2718, 0.2718, 0.2718, 0.2718, 0.2718, 0.2718,
         0.2718, 0.2718, 0.2718, 0.2718, 0.2718, 0.2718, 0.2718, 0.2718, 0.2718,
         0.2718, 0.2718, 0.2718, 0.2718, 0.2718, 0.2718, 0.2718, 0.2718, 0.2718,
         0.2718, 0.2718, 0.2718, 0.2718, 0.2718, 0.2718, 0.2718, 0.2718, 0.2718,
         0.2718, 0.2718, 0.2718, 0.2718, 0.2718, 0.2718, 0.2718, 0.2718, 0.2718,
         0.2718, 0.2718, 0.2718, 0.2718, 0.2718, 0.2718, 0.2718, 0.2718, 0.2718,
         0.2718, 0.2718, 0.2718, 0.2718, 0.2718, 0.2718, 0.2718, 0.2718, 0.2718,
         0.2718, 0.2718, 0.2718, 0.2718, 0.2718, 0.2718, 0.2718, 0.2718, 0.2718,
         0.2718, 0.2718, 0.2718, 0.2718, 0.2718, 0.2718, 0.2718, 0.2718, 0.2718,
         0.2718, 0.2718, 0.2718, 0.2718, 0.2718, 0.2718, 0.2718, 0.2718, 0.2718,
         0.2718, 0.2718, 0.2718, 0.2718, 0.2718, 0.2718, 0.2718, 0.2718, 0.2718,
         0.2718],
        [0.2718, 0.2718, 0.2718, 0.2718, 0.2718, 0.2718, 0.2718, 0.2718, 0.2718,
         0.2718, 0.2718, 0.2718, 0.2718, 0.2718, 0.2718, 0.2718, 0.2718, 0.2718,
         0.2718, 0.2718, 0.2718, 0.2718, 0.2718, 0.2718, 0.2718, 0.2718, 0.2718,
         0.2718, 0.2718, 0.2718, 0.2718, 0.2718, 0.2718, 0.2718, 0.2718, 0.2718,
         0.2718, 0.2718, 0.2718, 0.2718, 0.2718, 0.2718, 0.2718, 0.2718, 0.2718,
         0.2718, 0.2718, 0.2718, 0.2718, 0.2718, 0.2718, 0.2718, 0.2718, 0.2718,
         0.2718, 0.2718, 0.2718, 0.2718, 0.2718, 0.2718, 0.2718, 0.2718, 0.2718,
         0.2718, 0.2718, 0.2718, 0.2718, 0.2718, 0.2718, 0.2718, 0.2718, 0.2718,
         0.2718, 0.2718, 0.2718, 0.2718, 0.2718, 0.2718, 0.2718, 0.2718, 0.2718,
         0.2718, 0.2718, 0.2718, 0.2718, 0.2718, 0.2718, 0.2718, 0.2718, 0.2718,
         0.2718, 0.2718, 0.2718, 0.2718, 0.2718, 0.2718, 0.2718, 0.2718, 0.2718,
         0.2718]])",,Label + diff+ labeldiff between studs,27.10.21 10:59,"[0.4515257775783539, 0.45130160450935364, 0.4560728371143341, 0.44988778233528137, 0.4505409896373749]",20.0,0.0002,Dataset 3,"[0.00024755994672887027, 0.0002458249218761921, 0.00028482323978096247, 0.00031671705073677003, 0.00029943257686682045]"
77,50,"Adam (
Parameter Group 0
    amsgrad: False
    betas: (0.9, 0.999)
    eps: 1e-08
    lr: 0.0002
    weight_decay: 0
)",Knowledge Compression,,tensor(0.2098),,"tensor(0.3779, device='cuda:0', grad_fn=<AddBackward0>)",27.10.21 11:49,0.23707926273345947,20.0,0.0002,One Hot for MSE + Scale_Factr=1*64 + dataset3,
78,50,"Adam (
Parameter Group 0
    amsgrad: False
    betas: (0.9, 0.999)
    eps: 1e-08
    lr: 0.0002
    weight_decay: 0
)",Knowledge Compression,,tensor(0.2098),,"tensor(0.3666, device='cuda:0', grad_fn=<AddBackward0>)",27.10.21 13:26,0.23571297526359558,20.0,0.0002,One Hot for MSE + Scale_Factr=1*64 + alpha=0.85 + dataset3,
79,100,"Adam (
Parameter Group 0
    amsgrad: False
    betas: (0.9, 0.999)
    eps: 1e-08
    lr: 0.0002
    weight_decay: 0
)",label loss,,tensor(0.4122),,label loss + diffloss,17.12.21 11:01,tensor(0.6126),20.0,0.0002,16 Channels; ampt.autocast; OneFixed,
80,50,"Adam (
Parameter Group 0
    amsgrad: False
    betas: (0.9, 0.999)
    eps: 1e-08
    lr: 0.0002
    weight_decay: 0
)",label loss,,tensor(0.4122),,label loss + diffloss,17.12.21 12:34,tensor(0.6100),20.0,0.0002,16 Channels; ampt.autocast; OneFixed,
81,50,"Adam (
Parameter Group 0
    amsgrad: False
    betas: (0.9, 0.999)
    eps: 1e-08
    lr: 0.0002
    weight_decay: 0
)",label loss,,tensor(0.5198),,label loss + diffloss,17.12.21 14:04,tensor(0.6794),20.0,0.0002,16 Channels; ampt.autocast; OneFixed,
82,1500,"Adam (
Parameter Group 0
    amsgrad: False
    betas: (0.9, 0.999)
    eps: 1e-08
    lr: 0.001
    weight_decay: 0
)",label loss,,tensor(0.5101),,label loss + diffloss,28.12.21 01:26,tensor(0.6597),20.0,0.001,16 Channels; ampt.autocast; OneFixed,
83,100,"Adam (
Parameter Group 0
    amsgrad: False
    betas: (0.9, 0.999)
    eps: 1e-08
    lr: 0.001
    weight_decay: 0
)",label loss,,tensor(0.5109),,label loss + diffloss,28.12.21 10:41,tensor(0.6759),20.0,0.001,One less avg,
84,100,"Adam (
Parameter Group 0
    amsgrad: False
    betas: (0.9, 0.999)
    eps: 1e-08
    lr: 0.001
    weight_decay: 0
)",label loss,,tensor(0.5222),,label loss + diffloss,06.01.22 11:38,tensor(0.6682),20.0,0.001,eighted Loss,
